Time,Kappa_L1,Alpha_L1,Gamma_L1,Fx_L1,Fy_L1,Fz_L1,Mx_L1,Mz_L1
            0, 6.1609966906e-06, 0.201123133302, 0.148491621017, 7.53505128159e-06, -12.7403087616, 5092.70410156, -4.36387681961, -0.505279839039
        0.001, -0.000215803054743, 0.200813919306, 0.14778880775, -0.950665354729, -15.7434902191, 5092.69628906, -4.3202586174, -0.375886648893
        0.002, -0.000424968689913, 0.200615972281, 0.147613108158, -4.55985403061, -19.0906658173, 5092.69873047, -4.28990507126, -0.238317549229
        0.003, -0.000612286443356, 0.200470611453, 0.147423684597, -10.0712375641, -22.6502819061, 5092.70068359, -4.25755643845, -0.09371329844
        0.004, -0.000770746206399, 0.200346827507, 0.147227570415, -17.124382019, -26.2594261169,   5092.703125, -4.2246465683, 0.0516243875027
        0.005, -0.000895418517757, 0.20026062429, 0.147032171488, -25.2133522034, -29.8343162537, 5092.70605469, -4.19202756882, 0.194772273302
        0.006, -0.000984112732112, 0.200178131461, 0.146840259433, -33.7137260437, -33.3369483948, 5092.70996094, -4.1600651741, 0.334709882736
        0.007, -0.00103714235593, 0.20007519424, 0.146652042866, -42.0080108643, -36.7494888306, 5092.71533203, -4.12889766693, 0.471193552017
        0.008, -0.00105710676871, 0.199944257736, 0.146467298269, -49.5773048401, -40.0603942871, 5092.72363281, -4.09860229492, 0.604144454002
        0.009, -0.00104840344284, 0.199787810445, 0.146285995841, -56.0404548645, -43.2600135803,   5092.734375, -4.06924772263, 0.733450591564
         0.01, -0.00101663183887, 0.199613451958, 0.146108463407, -61.1609764099, -46.3390426636, 5092.74853516, -4.04091024399, 0.858900308609
        0.011, -0.000968000967987, 0.199430346489, 0.145935356617, -64.8383636475, -49.2875900269, 5092.76611328, -4.01368045807, 0.980148077011
        0.012, -0.00090879376512, 0.199246749282, 0.145767465234, -67.0904159546, -52.0983161926, 5092.78662109, -3.98763489723, 1.09685993195
        0.013, -0.000844918831717, 0.199069023132, 0.14560559392, -68.0319290161, -54.764629364, 5092.81005859, -3.96284341812, 1.20865440369
        0.014, -0.000781563634519, 0.198901504278, 0.145450353622, -67.8492355347, -57.2836761475,  5092.8359375, -3.93934440613, 1.31524670124
        0.015, -0.00072297611041, 0.198746651411, 0.145302116871, -66.7595977783, -59.6565971375, 5092.86474609, -3.9171397686, 1.41649436951
        0.016, -0.000672400346957, 0.198605626822, 0.14516094327, -65.0155334473, -61.891998291, 5092.89501953, -3.89616656303, 1.51253592968
        0.017, -0.000631934497505, 0.198479190469, 0.14502632618, -62.875919342, -64.0063858032, 5092.92626953, -3.87628793716, 1.60383522511
        0.018, -0.00060262758052, 0.198367357254, 0.144897401333, -60.5745582581, -66.0229263306, 5092.95898438, -3.85730576515, 1.69115567207
        0.019, -0.0005846224376, 0.198269605637, 0.144772961736, -58.3093605042, -67.9668884277,  5092.9921875, -3.83899784088, 1.77538156509
         0.02, -0.000577335944399, 0.198184892535, 0.144651710987, -56.2352027893, -69.8651199341, 5093.02490234, -3.82112574577, 1.85750198364
        0.021, -0.000579651736189, 0.198111578822, 0.144532307982, -54.4632415771, -71.7414169312, 5093.05761719, -3.80347418785, 1.93841803074
        0.022, -0.000590102106798, 0.198047488928, 0.144413650036, -53.0638618469, -73.6144332886, 5093.08984375, -3.7858710289, 2.01885414124
        0.023, -0.000607025343925, 0.198047250509, 0.144297897816, -52.0719184875, -75.4969940186, 5093.12109375, -3.76828670502, 2.09929943085
        0.024, -0.000628715148196, 0.197961375117, 0.144176661968, -51.4929924011, -77.3951873779, 5093.15185547, -3.75042486191, 2.18006706238
        0.025, -0.000653499620967, 0.19788493216, 0.144054874778, -51.3093261719, -79.3113250732, 5093.18115234, -3.73241662979, 2.26123571396
        0.026, -0.00067984679481, 0.197875782847, 0.143935650587, -51.4791107178, -81.2414932251, 5093.20898438, -3.71438407898,   2.342659235
        0.027, -0.000706451945007, 0.197798550129, 0.143812000751, -51.9555702209, -83.1811218262, 5093.23632812, -3.6961517334, 2.42424082756
        0.028, -0.000732206273824, 0.197718068957, 0.143687650561, -52.6865119934, -85.1246566772, 5093.26269531, -3.67787218094, 2.50576925278
        0.029, -0.000756238820031, 0.197702080011, 0.143566474319, -53.615688324, -87.0645065308, 5093.28759766, -3.65971851349, 2.58694911003
         0.03, -0.000777932989877, 0.197613477707, 0.143441542983, -54.6862564087, -88.9935760498, 5093.31201172, -3.64153456688, 2.66758584976
        0.031, -0.000796894601081, 0.197516649961, 0.143316611648, -55.8437538147, -90.9055633545, 5093.33496094, -3.62348031998,  2.7474360466
        0.032, -0.000812949088868, 0.197441473603, 0.143193602562, -57.0386924744, -92.7931594849, 5093.35742188, -3.60566663742, 2.82622408867
        0.033, -0.000826115428936, 0.197363168001, 0.143071457744, -58.2279434204, -94.651550293, 5093.37890625, -3.58809709549, 2.90379428864
        0.034, -0.000836570048705, 0.197282493114, 0.142950430512, -59.3762817383, -96.476272583, 5093.39990234, -3.57081317902, 2.97998762131
        0.035, -0.000844613008667, 0.197200357914, 0.142830789089, -60.4569168091, -98.2640838623, 5093.42041016, -3.55384516716, 3.05469107628
        0.036, -0.000850631040521, 0.197117716074, 0.142712697387, -61.4516143799, -100.012931824, 5093.43994141, -3.53721380234, 3.12783169746
        0.037, -0.000855062738992, 0.197035506368, 0.142596259713, -62.3503227234, -101.721839905, 5093.45898438, -3.52092957497, 3.19937729836
        0.038, -0.000858365674503, 0.196954593062, 0.142481580377, -63.1503944397, -103.390884399, 5093.47802734, -3.5049943924, 3.26933145523
        0.039, -0.000860988337081, 0.196875721216, 0.142368659377, -63.8555183411, -105.020980835, 5093.49609375, -3.4894015789, 3.33772921562
         0.04, -0.00086334667867, 0.196799471974, 0.142257496715, -64.4744644165, -106.613754272, 5093.51416016, -3.47413873672, 3.40463018417
        0.041, -0.000865806709044, 0.196726307273, 0.142148017883, -65.0197601318, -108.171340942,    5093.53125, -3.4591884613, 3.47011327744
        0.042, -0.000868672505021, 0.196656450629, 0.142040148377, -65.5063171387, -109.696220398, 5093.54833984, -3.44453024864, 3.53426933289
        0.043, -0.000872179633006, 0.196590021253, 0.14193379879, -65.9502487183, -111.19102478, 5093.56494141, -3.43014121056, 3.59719491005
        0.044, -0.000876493926626, 0.196526929736, 0.141828835011, -66.367729187, -112.65839386, 5093.58154297, -3.41599869728, 3.65898752213
        0.045, -0.000881710322574, 0.196523919702, 0.141728162766, -66.7740707397, -114.101104736, 5093.59716797, -3.40216898918, 3.71972823143
        0.046, -0.000887874164619, 0.196436733007, 0.141623988748, -67.1831283569,  -115.5209198, 5093.61328125, -3.3884062767, 3.77953720093
        0.047, -0.000894962868188, 0.196355521679, 0.141521081328, -67.6065826416, -116.920639038, 5093.62890625, -3.3748319149, 3.83848524094
        0.048, -0.000902911589947, 0.196352422237, 0.141423135996, -68.0539474487, -118.301094055, 5093.64404297, -3.36155152321, 3.89657187462
        0.049, -0.000911635172088, 0.196276038885, 0.141322061419, -68.5321350098, -119.663818359, 5093.65917969,  -3.348310709, 3.95391583443
         0.05, -0.000921012077015, 0.196203559637, 0.141221925616, -69.0456008911, -121.010368347, 5093.67431641, -3.33522057533, 4.01054811478
        0.051, -0.000930908950977, 0.196199536324, 0.141126096249, -69.5966796875, -122.340675354, 5093.68896484, -3.3223824501, 4.06643867493
        0.052, -0.000941200123634, 0.196129560471, 0.14102743566, -70.1855392456, -123.655273438, 5093.70458984, -3.30957770348,  4.1216635704
        0.053, -0.000951751950197, 0.196061372757, 0.140929535031, -70.8106384277, -124.954833984, 5093.71972656, -3.29691004753, 4.17622470856
        0.054, -0.000962441554293, 0.196056559682, 0.140835657716, -71.4691925049, -126.238616943, 5093.73486328, -3.28448224068,  4.2300696373
        0.055, -0.000973171729129, 0.195989266038, 0.140739113092, -72.1573410034, -127.506568909, 5093.75048828, -3.27209448814, 4.28324985504
        0.056, -0.000983852078207, 0.195922479033, 0.140643283725, -72.8705673218, -128.758895874, 5093.76660156, -3.25984692574, 4.33575201035
        0.057, -0.00099441234488, 0.195917502046, 0.14055146277, -73.6041870117, -129.994628906, 5093.78222656, -3.24784421921, 4.38751506805
        0.058, -0.00100481288973, 0.195851042867, 0.140457063913, -74.3534088135, -131.213546753, 5093.79931641, -3.23589158058, 4.43858337402
        0.059, -0.0010150220478, 0.195784807205, 0.140363439918, -75.1136779785, -132.41583252, 5093.81689453, -3.22408771515, 4.48894357681
         0.06, -0.00102502631489, 0.195780351758, 0.140273839235, -75.8810043335, -133.600601196, 5093.83447266, -3.21253705025, 4.53853702545
        0.061, -0.00103483779822, 0.195714756846, 0.14018176496, -76.6519012451, -134.767807007, 5093.85302734, -3.20104432106, 4.58741378784
        0.062, -0.00104447035119, 0.195649817586, 0.140090510249, -77.4234924316, -135.91784668, 5093.87255859, -3.18970608711, 4.63556861877
        0.063, -0.00105394714046, 0.195646286011, 0.140003323555, -78.1937789917, -137.050094604, 5093.89257812, -3.17862319946, 4.68295288086
        0.064, -0.00106330867857, 0.195582658052, 0.139913707972, -78.9613342285, -138.164779663,  5093.9140625, -3.1676003933, 4.72962522507
        0.065, -0.00107258791104, 0.195520341396, 0.139824971557, -79.7253799438, -139.262588501, 5093.93652344, -3.15673160553, 4.77558994293
        0.066, -0.00108181894757, 0.195517852902, 0.139740198851, -80.4858322144, -140.343139648, 5093.95947266, -3.14611172676, 4.82080888748
        0.067, -0.00109104532748, 0.195457458496, 0.139653131366, -81.2430343628, -141.406890869,   5093.984375, -3.13554930687, 4.86534833908
        0.068, -0.00110029277857, 0.195455595851, 0.139569938183, -81.9976501465, -142.454940796, 5094.00976562, -3.12522220612, 4.90920686722
        0.069, -0.00110959843732, 0.19537872076, 0.139483496547, -82.7508239746, -143.486480713, 5094.03710938, -3.11492300034, 4.95240306854
         0.07, -0.0011189756915, 0.195377349854, 0.139401853085, -83.5036468506, -144.503173828, 5094.06542969, -3.10487914085, 4.99494409561
        0.071, -0.00112845154945, 0.195304006338, 0.139317080379, -84.2575149536, -145.504226685, 5094.09570312, -3.09486055374, 5.03685760498
        0.072, -0.00113802799024, 0.195303022861, 0.13923689723, -85.0135726929, -146.491256714, 5094.12695312, -3.08508563042, 5.07815074921
        0.073, -0.00114771968219, 0.19523319602, 0.13915373385, -85.7731323242, -147.463531494, 5094.16064453, -3.07533359528,  5.1188492775
        0.074, -0.00115751847625, 0.195232510567, 0.139074966311, -86.5371246338, -148.422576904,  5094.1953125, -3.06581377983, 5.15895986557
        0.075, -0.00116742914543, 0.195166021585, 0.138993352652, -87.3065414429, -149.367645264, 5094.23193359, -3.05631494522, 5.19850635529
        0.076, -0.00117743574083, 0.195165589452, 0.138915941119, -88.0819320679, -150.300140381, 5094.27001953, -3.04703807831, 5.23749351501
        0.077, -0.00118753663264, 0.195102095604, 0.138835832477, -88.863861084, -151.219329834, 5094.31103516, -3.03778123856, 5.27594137192
        0.078, -0.00119771168102, 0.195101886988, 0.138759747148, -89.6524658203, -152.126495361, 5094.35302734, -3.02873730659, 5.31385326385
        0.079, -0.00120795599651, 0.195041030645, 0.138681069016, -90.4479141235, -153.020858765, 5094.39746094, -3.01971316338, 5.35124731064
         0.08, -0.0012182489736, 0.195041060448, 0.138606309891, -91.2499771118, -153.903610229, 5094.44335938, -3.01089477539, 5.38812398911
        0.081, -0.00122858583927, 0.194982513785, 0.138529032469, -92.0584945679, -154.773971558,  5094.4921875, -3.00209617615, 5.42449903488
        0.082, -0.00123894738499, 0.194982811809, 0.138455569744, -92.8729858398, -155.633056641, 5094.54296875, -2.99349761009, 5.46037244797
        0.083, -0.00124933221377, 0.194912329316, 0.138378933072, -93.693031311, -156.480621338, 5094.59619141, -2.98489260674, 5.49578666687
        0.084, -0.00125972297974, 0.194912925363, 0.138306751847, -94.5182266235, -157.316177368, 5094.65136719, -2.97651267052,  5.5306634903
        0.085, -0.00127011735458, 0.194913700223, 0.138235196471, -95.3478851318, -158.141036987, 5094.70898438, -2.96823334694, 5.56508874893
        0.086, -0.00128051487263, 0.194846093655, 0.138160631061, -96.1816482544, -158.954040527, 5094.76953125, -2.95995521545, 5.59904050827
        0.087, -0.00129090389237, 0.194847241044, 0.138090401888, -97.0188980103, -159.75642395, 5094.83251953, -2.95188760757, 5.63251638412
        0.088, -0.00130129128229, 0.194782227278, 0.138017266989, -97.8592376709, -160.547958374, 5094.89794922, -2.94381666183, 5.66556119919
        0.089, -0.00131166854408, 0.194783762097, 0.137948334217, -98.7023544312, -161.328155518, 5094.96582031, -2.93595814705, 5.69810152054
         0.09, -0.00132204033434, 0.194785505533, 0.137880027294, -99.5477828979, -162.098297119, 5095.03613281, -2.92819571495, 5.73021841049
        0.091, -0.00133241247386, 0.194723308086, 0.137808963656, -100.39540863, -162.857315063, 5095.10986328, -2.92043614388,  5.7618932724
        0.092, -0.00134277855977, 0.194725468755, 0.137741997838, -101.244911194, -163.606384277, 5095.18603516, -2.91287517548, 5.79312372208
        0.093, -0.00135314895306, 0.194665968418, 0.137672364712, -102.096191406, -164.345352173,   5095.265625, -2.90531253815, 5.82395362854
        0.094, -0.00136351841502, 0.194668516517, 0.137606680393, -102.949234009, -165.073776245, 5095.34716797, -2.89794898033, 5.85431528091
        0.095, -0.00137389241718, 0.194671273232, 0.137541636825, -103.803863525, -165.792922974, 5095.43164062, -2.89067649841, 5.88428640366
        0.096, -0.00138427666388, 0.194614708424, 0.137474089861, -104.660202026, -166.50177002, 5095.52001953, -2.88340735435, 5.91384983063
        0.097, -0.0013946647523, 0.19461786747, 0.137410372496, -105.518135071, -167.20149231, 5095.61083984, -2.87632369995, 5.94300413132
        0.098, -0.00140506168827, 0.194621190429, 0.137347280979, -106.377700806, -167.892181396, 5095.70410156, -2.86932849884, 5.97177886963
        0.099, -0.00141547166277, 0.19455640018, 0.13728120923, -107.239059448, -168.572952271, 5095.80175781, -2.86232018471, 6.00016450882
          0.1, -0.0014258857118, 0.194560110569, 0.137219443917, -108.102096558, -169.245056152, 5095.90136719, -2.85550808907, 6.02815771103
        0.101, -0.00143630767707, 0.194563999772, 0.137158304453, -108.966819763, -169.908599854, 5096.00439453, -2.84878063202, 6.05579090118
        0.102, -0.00144674011972, 0.194502979517, 0.137094348669, -109.833366394, -170.562728882, 5096.11132812, -2.84204149246, 6.08305501938
        0.103, -0.00145717314444, 0.19450725615, 0.137034535408, -110.701576233, -171.208648682, 5096.22070312, -2.83549022675, 6.10994720459
        0.104, -0.00146760954522, 0.194511681795, 0.136975347996, -111.571418762, -171.846420288, 5096.33349609, -2.82902050018, 6.13649702072
        0.105, -0.0014780506026, 0.194454208016, 0.136913523078, -112.442962646, -172.475250244, 5096.44970703, -2.82254052162, 6.16269636154
        0.106, -0.00148848630488, 0.194459021091, 0.136855661869, -113.316001892,  -173.0962677, 5096.56933594, -2.81624054909, 6.18854141235
        0.107, -0.00149891874753, 0.194463998079, 0.13679844141, -114.190444946, -173.709533691, 5096.69189453, -2.8100194931, 6.21406078339
        0.108, -0.00150934921112, 0.194409787655, 0.136738717556, -115.066299438, -174.314254761, 5096.81835938, -2.80378961563, 6.23924541473
        0.109, -0.00151976791676, 0.194415137172, 0.136682838202, -115.943328857, -174.911514282, 5096.94775391, -2.79773283005, 6.26409244537
         0.11, -0.00153017695993, 0.194420680404, 0.136627599597, -116.821395874, -175.501373291, 5097.08007812, -2.79175257683, 6.28862905502
        0.111, -0.00154057878535, 0.194360226393, 0.136569499969, -117.700416565, -176.083648682, 5097.21679688, -2.78574585915, 6.31287431717
        0.112, -0.00155096326489, 0.194366112351, 0.136515602469, -118.580345154, -176.657821655, 5097.35644531, -2.77992749214, 6.33675193787
        0.113, -0.00156133261044, 0.194372221828, 0.136462375522, -119.460868835, -177.225158691, 5097.49902344, -2.77418231964, 6.36034345627
        0.114, -0.00157168635633, 0.194378480315, 0.136409789324, -120.341903687, -177.785507202, 5097.64550781, -2.7685110569, 6.38364171982
        0.115, -0.00158202683087, 0.194321811199, 0.136354550719, -121.223442078, -178.338012695, 5097.79589844, -2.76282072067, 6.40663719177
        0.116, -0.00159234483726, 0.194328472018, 0.136303350329, -122.105224609, -178.883789062, 5097.94921875, -2.75730419159, 6.42932462692
        0.117, -0.00160264398437, 0.194335311651, 0.136252820492, -122.987129211, -179.422897339, 5098.10595703, -2.7518594265, 6.45173215866
        0.118, -0.00161292718258, 0.194282025099, 0.136199772358, -123.869087219, -179.95513916, 5098.26660156, -2.74639248848,  6.4738779068
        0.119, -0.0016231861664, 0.19428922236, 0.136150628328, -124.751075745, -180.48008728, 5098.43017578, -2.7410993576, 6.49569225311
         0.12, -0.00163342361338, 0.194296628237, 0.136102169752, -125.632835388, -180.998855591, 5098.59716797, -2.73587465286, 6.51724815369
        0.121, -0.00164363929071, 0.194304198027, 0.136054381728, -126.514312744, -181.511322021, 5098.76757812, -2.73071980476, 6.53854084015
        0.122, -0.00165383610874, 0.19425432384, 0.136004239321, -127.395545959, -182.016708374, 5098.94189453, -2.72554898262, 6.55956077576
        0.123, -0.00166400591843, 0.194262266159, 0.135957881808, -128.276306152, -182.516036987, 5099.11962891, -2.7205388546,  6.5803027153
        0.124, -0.00167415174656, 0.194270372391, 0.135912209749, -129.156524658, -183.009338379, 5099.30029297, -2.71559619904, 6.60079336166
        0.125, -0.00168427301105, 0.194278657436, 0.135867223144, -130.036132812, -183.49671936,   5099.484375, -2.71072053909, 6.62103557587
        0.126, -0.00169437285513, 0.194224327803, 0.135819613934, -130.915176392, -183.977279663, 5099.67285156, -2.70581936836, 6.64101934433
        0.127, -0.00170444208197, 0.194232955575, 0.135776087642, -131.793441772, -184.452148438, 5099.86376953, -2.70108485222, 6.66073846817
        0.128, -0.00171448406763, 0.194241762161, 0.135733246803, -132.670822144, -184.921356201, 5100.05859375, -2.69641518593, 6.68022060394
        0.129, -0.0017244979972, 0.194250747561, 0.135691121221, -133.547271729, -185.384963989, 5100.25634766, -2.69181060791, 6.69946908951
         0.13, -0.00173448678106, 0.194200083613, 0.135646551847, -134.422851562, -185.842147827, 5100.45849609, -2.68718242645, 6.71847343445
        0.131, -0.00174444133881, 0.194209396839, 0.13560590148, -135.297302246, -186.293945312, 5100.66308594, -2.68271422386, 6.73722839355
        0.132, -0.00175436493009, 0.194218873978, 0.135565951467, -136.170562744, -186.74041748, 5100.87109375, -2.67830872536, 6.75575971603
        0.133, -0.00176425650716, 0.194228515029, 0.13552673161, -137.042541504, -187.181594849, 5101.08203125, -2.67396616936, 6.77407073975
        0.134, -0.00177411921322, 0.194174259901, 0.135484844446, -137.913208008, -187.617294312, 5101.29736328, -2.66958665848,  6.7921795845
        0.135, -0.00178394420072, 0.194184198976, 0.135447114706, -138.782562256, -188.046981812, 5101.51513672, -2.66537833214, 6.81000995636
        0.136, -0.00179373379797, 0.194194331765, 0.135410130024, -139.65032959, -188.471847534, 5101.73632812, -2.66122984886, 6.82763910294
        0.137, -0.00180348765571, 0.194204613566, 0.135373875499, -140.516464233, -188.891738892, 5101.96044922, -2.65714240074, 6.84505987167
        0.138, -0.00181320484262, 0.194215044379, 0.13533835113, -141.380874634, -189.306716919, 5102.18798828, -2.65311551094, 6.86227560043
        0.139, -0.0018228883855, 0.194164574146, 0.135300353169, -142.243621826, -189.715881348, 5102.41943359, -2.64905905724, 6.87927484512
         0.14, -0.0018325294368, 0.194175302982, 0.135266378522, -143.10446167, -190.120330811, 5102.65332031, -2.64516043663, 6.89605093002
        0.141, -0.00184213113971, 0.194186195731, 0.135233134031, -143.963302612, -190.520065308, 5102.89013672, -2.64132070541, 6.91262960434
        0.142, -0.00185169291217, 0.19419722259,  0.1352006495, -144.820083618, -190.915145874, 5103.12988281, -2.63753986359, 6.92901468277
        0.143, -0.00186121754814, 0.194150015712, 0.135165825486, -145.674728394, -191.305374146, 5103.37353516, -2.63372683525,  6.9452214241
        0.144, -0.00187069701497, 0.194161340594, 0.135134875774, -146.527267456, -191.690261841, 5103.61914062, -2.63007164001, 6.96118021011
        0.145, -0.0018801339902, 0.194172799587, 0.135104700923, -147.377441406, -192.070892334, 5103.86816406, -2.62647294998, 6.97696113586
        0.146, -0.00188952800818, 0.194184407592, 0.135075300932, -148.225189209, -192.447128296, 5104.12011719, -2.62293124199, 6.99255847931
        0.147, -0.00189887848683, 0.194196134806,  0.1350466609, -149.070449829, -192.819000244,      5104.375, -2.61944675446,  7.0079741478
        0.148, -0.00190818856936, 0.194145858288, 0.135015487671, -149.913192749, -193.186294556,  5104.6328125, -2.6159222126, 7.02322530746
        0.149, -0.00191744964104, 0.194157868624, 0.134988427162, -150.753417969, -193.54850769, 5104.89306641, -2.61256027222, 7.03823661804
         0.15, -0.00192666472867, 0.19417001307, 0.134962141514, -151.590866089, -193.90675354,    5105.15625, -2.60925245285,  7.0530834198
        0.151, -0.001935833483, 0.194182261825, 0.134936645627, -152.425506592, -194.260894775,   5105.421875, -2.60600018501, 7.06775760651
        0.152, -0.00194495532196, 0.194194629788, 0.134911924601, -153.257263184, -194.610946655, 5105.69042969, -2.60280323029, 7.08226203918
        0.153, -0.00195403303951, 0.194147497416, 0.13488483429, -154.086120605, -194.956710815, 5105.96191406, -2.59956812859, 7.09661245346
        0.154, -0.00196305895224, 0.194160118699, 0.134861707687, -154.912078857, -195.297698975, 5106.23583984, -2.59648966789, 7.11073684692
        0.155, -0.00197203503922, 0.194172888994, 0.134839385748, -155.73487854, -195.634979248, 5106.51171875, -2.59346389771, 7.12470722198
        0.156, -0.00198096176609, 0.194185733795, 0.13481785357, -156.554489136, -195.968399048, 5106.79052734, -2.5904917717, 7.13851594925
        0.157, -0.00198983843438, 0.194198682904, 0.134797126055, -157.370834351, -196.297988892, 5107.07177734, -2.58757328987, 7.15216493607
        0.158, -0.00199866760522, 0.194154262543, 0.134774133563, -158.183914185, -196.623565674, 5107.35546875,   -2.58461833,  7.1656703949
        0.159, -0.00200744182803, 0.194167420268, 0.134755030274, -158.993728638, -196.944625854, 5107.64111328, -2.58181476593, 7.17896175385
         0.16, -0.00201616319828, 0.194180712104, 0.134736716747, -159.800018311, -197.26222229, 5107.92919922, -2.57906222343, 7.19210863113
        0.161, -0.00202483171597, 0.194194108248, 0.134719207883, -160.602752686, -197.576187134, 5108.21972656, -2.57636165619, 7.20510387421
        0.162, -0.00203344714828, 0.194207563996, 0.134702503681, -161.401855469, -197.886566162, 5108.51220703, -2.57371306419, 7.21794891357
        0.163, -0.00204200902954, 0.194221094251, 0.134686604142, -162.197280884, -198.193405151, 5108.80664062, -2.57111620903, 7.23064613342
        0.164, -0.00205052015372, 0.194173589349, 0.134668290615, -162.989135742, -198.495788574, 5109.10351562, -2.56848049164, 7.24318313599
        0.165, -0.00205897167325, 0.194187328219, 0.134654060006, -163.777130127, -198.794784546, 5109.40234375, -2.5659942627,  7.2555513382
        0.166, -0.00206736754626, 0.194201156497, 0.134640619159, -164.561218262, -199.090377808,   5109.703125, -2.56355810165, 7.26777696609
        0.167, -0.00207570707425, 0.194215074182, 0.134627997875, -165.34135437, -199.382583618, 5110.00537109, -2.56117224693, 7.27986097336
        0.168, -0.00208399025723, 0.194229051471, 0.134616196156, -166.117431641, -199.671463013, 5110.30957031, -2.55883669853, 7.29180574417
        0.169, -0.00209221988916, 0.194183722138, 0.134602054954, -166.889480591, -199.956787109, 5110.61621094, -2.55645847321, 7.30362701416
         0.17, -0.00210038828664, 0.194197818637, 0.134591907263, -167.657516479, -200.238021851, 5110.92431641, -2.55423116684,  7.3152513504
        0.171, -0.00210849754512, 0.194212019444, 0.134582579136, -168.421264648, -200.516281128, 5111.23339844, -2.55205178261, 7.32675027847
        0.172, -0.00211654813029, 0.194226279855, 0.134574055672, -169.180709839, -200.791366577, 5111.54443359, -2.54992103577, 7.33811616898
        0.173, -0.00212453934364, 0.194240599871, 0.134566366673, -169.935791016, -201.063293457, 5111.85742188, -2.54783892632, 7.34934997559
        0.174, -0.00213247118518, 0.194254979491, 0.134559482336, -170.686462402, -201.332138062, 5112.17138672, -2.54580521584, 7.36045408249
        0.175, -0.00214034644887, 0.194211468101, 0.134550347924, -171.432815552, -201.597000122, 5112.48730469, -2.54373431206, 7.37141609192
        0.176, 0.0430846363306, 0.242096245289, 0.128410235047, -295.947052002, -272.260070801, 8963.41992188, -3.61190629005, 15.2802553177
        0.177, -0.00267527485266, 0.212438181043, 0.136573463678, 816.470825195, -330.278076172, 9501.10449219, -3.72732186317, 19.4441146851
        0.178, -0.00604207860306, 0.237733244896, 0.133711069822, 989.254577637, -348.816131592, 9912.94433594, -3.58515644073, 20.9332199097
        0.179, -0.00998643692583, 0.259203523397, 0.135374397039,  1137.4185791, -356.870819092, 9886.29882812, -3.59173727036, 21.2211074829
         0.18, -0.014230651781, 0.280388534069, 0.138810202479, 1162.76428223, -359.478759766, 9846.73925781, -3.74257183075,  21.269536972
        0.181, -0.0183408744633, 0.301098287106, 0.143764778972, 1075.29675293, -357.540771484, 9795.30566406, -4.01221132278, 21.1202011108
        0.182, -0.0219557974488, 0.321068406105, 0.150170683861, 899.941955566, -350.639953613, 9732.38378906, -4.4023103714, 20.7283191681
        0.183, -0.0248341187835, 0.340062171221, 0.158038914204, 669.850769043, -337.692321777, 9658.44433594, -4.92968988419, 19.8876152039
        0.184, -0.0268804579973, 0.357891261578, 0.167313739657, 422.594146729, -316.422668457, 9574.02636719, -5.62193250656,  18.341342926
        0.185, -0.0281326528639, 0.37415471673, 0.177353799343, 198.307662964, -287.482055664, 9479.70605469, -6.4364233017, 16.2149944305
        0.186, -0.0286608412862, 0.388102471828, 0.186979562044, 18.5096206665, -270.223937988, 9376.06542969, -7.08025932312, 14.7779941559
        0.187, -0.0281756203622, 0.391766965389, 0.189127355814, -575.004577637, -405.922393799, 12519.9335938, -8.2862443924, 26.1091461182
        0.188, -0.0259064882994, 0.421877980232, 0.199472859502, -1049.24047852, -455.699859619, 12388.0498047,  -8.320520401, 28.4702682495
        0.189, -0.0219692513347, 0.44939160347, 0.212826922536, -1455.39025879, -484.86618042,  12237.921875, -8.82571029663, 28.9901866913
         0.19, -0.0168148912489, 0.473377585411, 0.228963524103, -1732.87512207, -501.668365479, 12069.8515625, -9.63067245483, 28.8117866516
        0.191, -0.0110058803111, 0.493431776762, 0.247390881181, -1851.49084473, -510.464416504, 11884.7929688, -10.6274356842,   28.31590271
        0.192, -0.00516050541773, 0.509688138962, 0.267876327038, -1806.33544922, -512.712158203, 11683.7158203, -11.7714204788, 27.6593875885
        0.193, 4.22605371568e-05, 0.522306919098, 0.290373235941, -1542.25732422, -505.243652344, 11467.6132812, -13.0835542679, 26.8459625244
        0.194, 0.00411687977612, 0.531665384769, 0.314704656601, -1311.24133301, -497.177246094, 11237.4550781, -14.4499130249, 25.9437866211
        0.195, 0.00713838590309, 0.539110124111, 0.340807914734, -1013.47033691, -481.417236328, 10994.2412109, -15.9319505692, 24.7899131775
        0.196, 0.00896746665239, 0.544587910175, 0.368752092123, -716.630859375, -458.268005371, 10739.0097656, -17.5239562988, 23.2538795471
        0.197, 0.00969431549311, 0.547995567322, 0.398447811604, -456.327728271, -429.956604004, 10472.8085938, -19.1900863647, 21.0975170135
        0.198, 0.00952083989978, 0.54918217659, 0.42966157198, -252.566848755, -400.48147583, 10196.7109375, -20.8488349915, 18.8178462982
        0.199, 0.00868465006351, 0.548302650452, 0.461818575859, -103.246376038, -381.107269287, 9911.81640625, -22.3171424866, 17.1515617371
          0.2, 0.00737908808514, 0.545783102512, 0.494245767593, 5.94902801514, -377.679595947, 9619.24023438, -23.4814033508, 16.4937133789
        0.201, 0.00573533121496, 0.541481554508, 0.526881217957, 84.9265670776, -383.936920166, 9320.10253906, -24.4162750244, 16.4273319244
        0.202, 0.00386497634463,  0.5351126194, 0.560098230839,  134.15335083, -391.079284668, 9015.51367188, -25.2458095551, 16.3642864227
        0.203, 0.00188811088447, 0.526892900467, 0.594139039516, 152.984283447, -394.636383057, 8706.58203125, -26.029712677, 16.0146846771
        0.204, -7.56562731112e-05, 0.517237305641, 0.629003345966, 141.490310669, -393.500152588, 8394.40917969, -26.7743091583, 15.3125734329
        0.205, -0.00191472854931, 0.506547868252, 0.664557516575, 109.429298401, -389.364196777,  8080.0859375, -27.4500045776, 14.3892478943
        0.206, -0.00356011278927, 0.494899362326, 0.700554966927, 59.9108428955, -383.994384766, 7764.69433594, -28.0246448517, 13.3556108475
        0.207, -0.00495627522469, 0.482328236103, 0.736721634865, -0.243380457163, -380.413909912,   7449.296875, -28.4567203522, 12.3954076767
        0.208, -0.00607232004404, 0.468825697899, 0.772757649422, -65.9321517944, -380.95223999, 7134.93554688, -28.7164211273, 11.6319274902
        0.209, -0.00689233047888, 0.45460948348, 0.808448374271, -134.560775757, -385.681091309, 6822.62646484, -28.8041782379, 11.0493059158
         0.21, -0.00741041498259, 0.439968287945, 0.843728244305, -203.025619507, -392.328216553, 6513.35302734, -28.7495765686, 10.5225791931
        0.211, 0.0212170090526, -0.872058153152, 5.26459980011, 219.778152466, -547.651611328, 4217.47851562, -117.395141602, 1.55870592594
        0.212, 0.0694364309311, 0.157179936767, 0.873910844326, 1505.82897949, -128.220825195, 2027.32556152, -8.46612548828, 6.07864570618
        0.213, 0.0648885071278, 0.121778272092, 0.913283884525, 1275.19909668, -99.7003250122, 1630.04992676, -7.00733375549, 5.19426012039
        0.214, 0.0601120591164, 0.0844476222992, 0.942650556564, 1024.25976562, -86.0679626465, 1366.70727539, -6.24733543396,  4.4963965416
        0.215, 0.0558592714369, 0.0512283481658, 0.969656288624, 803.115783691, -71.9047393799, 1122.45166016, -5.40999317169, 3.75452876091
        0.216, 0.0520137026906, 0.0200530830771, 0.994095206261, 614.567321777, -58.0728721619,  897.43371582, -4.52737665176, 3.03176784515
        0.217, 0.0484834015369, -0.00969358719885, 1.01590204239, 454.313262939, -44.7383041382, 691.922973633, -3.63144135475, 2.33943343163
        0.218, 0.0452143698931, -0.0383171401918, 1.03501522541, 319.103057861, -32.4604721069, 506.132873535, -2.74818754196, 1.70382630825
        0.219, 0.0421601049602, -0.0659799352288, 1.05138123035,  206.19152832, -21.3398094177, 340.226226807, -1.90231132507, 1.12833762169
         0.22, 0.03928399086, -0.0925466865301, 1.06496071815, 110.878738403, -11.7267599106, 194.314422607, -1.11386489868, 0.61698704958
        0.221, 0.0365615189075, -0.11802187562, 1.07572674751, 36.7231712341, -3.91478061676, 68.4590530396, -0.400749891996, 0.206070423126
        0.222,             0,             0, 1.07984781265,             0,             0,             0,             0,             0
        0.223,             0,             0, 1.08442378044,             0,             0,             0,             0,             0
        0.224,             0,             0,  1.0863057375,             0,             0,             0,             0,             0
        0.225,             0,             0, 1.08559083939,             0,             0,             0,             0,             0
        0.226,             0,             0, 1.08264887333,             0,             0,             0,             0,             0
        0.227,             0,             0, 1.07774555683,             0,             0,             0,             0,             0
        0.228,             0,             0, 1.07104122639,             0,             0,             0,             0,             0
        0.229,             0,             0, 1.06264257431,             0,             0,             0,             0,             0
         0.23,             0,             0, 1.05263197422,             0,             0,             0,             0,             0
        0.231,             0,             0,  1.0410797596,             0,             0,             0,             0,             0
        0.232,             0,             0, 1.08334445953,             0,             0,             0,             0,             0
        0.233,             0,             0, 1.06806957722,             0,             0,             0,             0,             0
        0.234,             0,             0, 1.05137968063,             0,             0,             0,             0,             0
        0.235,             0,             0, 1.03335571289,             0,             0,             0,             0,             0
        0.236,             0,             0, 1.01408028603,             0,             0,             0,             0,             0
        0.237,             0,             0, 0.993635475636,             0,             0,             0,             0,             0
        0.238,             0,             0, 0.972102105618,             0,             0,             0,             0,             0
        0.239,             0,             0, 0.949558436871,             0,             0,             0,             0,             0
         0.24,             0,             0, 0.926080226898,             0,             0,             0,             0,             0
        0.241,             0,             0, 0.901739954948,             0,             0,             0,             0,             0
        0.242,             0,             0, 0.876606762409,             0,             0,             0,             0,             0
        0.243,             0,             0, 0.85074621439,             0,             0,             0,             0,             0
        0.244,             0,             0, 0.824220597744,             0,             0,             0,             0,             0
        0.245,             0,             0, 0.797088861465,             0,             0,             0,             0,             0
        0.246,             0,             0, 0.769407510757,             0,             0,             0,             0,             0
        0.247,             0,             0,  0.7412301898,             0,             0,             0,             0,             0
        0.248,             0,             0, 0.712608218193,             0,             0,             0,             0,             0
        0.249,             0,             0, 0.683590769768,             0,             0,             0,             0,             0
         0.25,             0,             0, 0.654224812984,             0,             0,             0,             0,             0
        0.251,             0,             0, 0.624555230141,             0,             0,             0,             0,             0
        0.252,             0,             0, 0.59462505579,             0,             0,             0,             0,             0
        0.253,             0,             0, 0.564475417137,             0,             0,             0,             0,             0
        0.254,             0,             0, 0.534145891666,             0,             0,             0,             0,             0
        0.255,             0,             0, 0.503674089909,             0,             0,             0,             0,             0
        0.256,             0,             0, 0.47309628129,             0,             0,             0,             0,             0
        0.257, -0.0253894757479, -0.378453791142, 0.442438960075, -77.5722122192, 0.522442042828, 196.408081055, -0.499299973249, -0.279318332672
        0.258, -0.0248251091689, -0.38827469945, 0.41199156642, -178.586486816, 4.67265510559, 460.449645996, -1.10040378571, -0.658333420753
        0.259, -0.0238412767649, -0.396062642336, 0.381859868765, -273.381561279, 11.8195943832, 728.145629883, -1.62935364246, -1.02605760098
         0.26, -0.0224838294089, -0.401768833399, 0.352123141289, -357.787322998, 21.3880138397, 998.555541992, -2.08369135857, -1.36988067627
        0.261, -0.0208148453385, -0.405341088772, 0.322865635157, -426.916229248, 33.0824775696,  1270.7376709, -2.46207499504, -1.68353247643
        0.262, -0.0189315490425, -0.406729280949, 0.294167816639, -471.687438965, 46.6249771118, 1543.76550293, -2.76375055313, -1.95747816563
        0.263, -0.0169420614839, -0.405892193317, 0.26611584425, -496.634094238, 61.9955062866,  1816.7277832, -2.98877501488, -2.21204257011
        0.264, -0.0149327507243, -0.402784407139, 0.238794863224, -509.835113525, 78.0479125977, 2088.73266602, -3.14929842949, -2.54487586021
        0.265, -0.0129162948579, -0.397411346436, 0.212144836783, -514.674926758, 92.7499465942, 2358.91064453, -3.26162195206, -3.05018210411
        0.266, -0.0109739806503, -0.389784246683, 0.186277121305, -498.544464111, 107.926223755, 2626.42724609, -3.30801153183, -3.56376743317
        0.267, -0.00918876100332, -0.379880458117, 0.161291912198, -468.199493408, 123.535881042, 2890.47460938, -3.29219269753, -4.10597467422
        0.268, -0.00759587483481, -0.367709219456, 0.137239262462, -432.885559082, 139.333129883, 3150.27807617, -3.21747708321, -4.68067169189
        0.269, -0.00621190248057, -0.353317499161, 0.114152692258, -392.518829346, 154.900634766, 3405.10327148, -3.08740949631, -5.27541589737
         0.27, -0.0050473366864, -0.336782604456, 0.092053629458, -351.057861328, 169.786651611, 3654.25878906, -2.90495634079, -5.87276935577
        0.271, -0.00409542396665, -0.318210780621, 0.0709526985884, -311.660583496, 183.540725708, 3897.09887695, -2.67300319672, -6.41678142548
        0.272, -0.00333712552674, -0.297742515802, 0.0508365258574, -277.842498779, 191.282073975, 4133.02734375, -2.38549566269, -6.86341094971
        0.273, -0.00273764668964, -0.275766313076, 0.0313541889191, -250.861465454, 194.633544922, 4361.50585938, -2.04357600212, -7.22704648972
        0.274, -0.00226680282503, -0.252150028944, 0.0129667995498, -230.592468262,  197.69418335, 4582.04785156, -1.67446315289, -7.56772947311
        0.275, -0.00189278635662, -0.227061241865, -0.00429610116407, -217.61920166, 200.800415039, 4794.22998047, -1.2876137495, -7.89537000656
        0.276, -0.00158105453011, -0.200672611594, -0.0204136054963, -211.551040649,  204.07774353, 4997.68652344, -0.891198277473, -8.2140455246
        0.277, -0.00131595891435, -0.173195376992, -0.0354116670787, -203.580307007, 206.593582153, 5192.10791016, -0.484454184771, -8.48609256744
        0.278, -0.00111304828897, -0.144810676575, -0.0493326969445, -193.180953979,   208.2527771, 5377.23095703, -0.0709748640656, -8.70630836487
        0.279, -0.000978530850261, -0.115637600422, -0.0621762387455, -181.605484009, 209.188690186,   5552.828125, 0.342958778143, -8.87941932678
         0.28, -0.000913267838769, -0.0857719630003, -0.0739419534802, -170.079162598, 209.555023193, 5718.70117188, 0.750989437103, -9.01165485382
        0.281, -0.000913195835892, -0.0552866719663, -0.0846293568611, -159.687911987, 209.499649048, 5874.67382812,   1.146915555, -9.10964012146
        0.282, -0.000970221532043, -0.0242319237441, -0.0942383632064, -151.29888916, 209.141204834, 6020.58007812, 1.52495360374, -9.17925739288
        0.283, -0.00107334298082, 0.00735512096435, -0.102769292891, -145.524017334, 208.556427002, 6156.25878906, 1.87991333008, -9.2248916626
        0.284, -0.00120994844474, 0.0393506772816, -0.110223591328, -142.719161987, 207.780593872, 6281.55371094, 2.20728778839, -9.24927139282
        0.285, -0.00136693485547, 0.0714847892523, -0.116607762873, -143.007064819, 206.818084717, 6396.35839844,  2.5033864975, -9.25382137299
        0.286, -0.00153156265151, 0.103354804218, -0.121937267482, -146.231506348,  205.64263916, 6500.65771484, 2.76556158066, -9.23860359192
        0.287, -0.00169339810964, 0.134439617395, -0.126242563128, -151.608459473, 204.152526855, 6594.56640625, 2.99291801453, -9.20017910004
        0.288, -0.00184502243064, 0.164074480534, -0.129568934441, -158.922866821, 202.333786011,  6678.3671875, 3.18493914604, -9.13899230957
        0.289, -0.00197972147726, 0.191505894065, -0.131979078054, -167.851135254, 200.167984009, 6752.55908203, 3.34242486954, -9.0552482605
         0.29, -0.00209199567325, 0.216092914343, -0.133557513356, -178.010177612, 197.639450073, 6817.86572266,  3.4676156044, -8.94916248322
        0.291, -0.00217696838081, 0.237752661109, -0.134401455522, -188.958023071, 194.731506348, 6875.14599609, 3.56379175186, -8.82074546814
        0.292, -0.00223108823411, 0.256875663996, -0.134596869349, -200.194747925, 191.415618896, 6925.18798828, 3.63423132896, -8.66932010651
        0.293, -0.00225317431614, 0.273712873459, -0.134222209454, -211.196014404, 187.662094116, 6968.67773438, 3.68215036392, -8.49400615692
        0.294, -0.0022431560792, 0.289238393307, -0.133334904909, -221.448165894, 183.440628052, 7006.13574219, 3.71003627777, -8.29386043549
        0.295, -0.0022039974574, 0.304046809673, -0.131960481405, -230.479492188, 178.718139648, 7037.77783203,  3.7190694809, -8.06781101227
        0.296, -0.00214109639637, 0.318383902311, -0.130111351609, -237.925384521, 173.476821899, 7063.70556641, 3.70978736877, -7.81554794312
        0.297, -0.00206138263457, 0.332290917635, -0.127794221044, -243.56199646, 167.719024658, 7083.98242188, 3.68237280846, -7.53774166107
        0.298, -0.00197234889492, 0.345763802528, -0.125014275312, -247.31817627, 161.466110229, 7098.67333984, 3.63685321808, -7.23598241806
        0.299, -0.00188136973884, 0.358787089586, -0.121775582433, -249.140548706, 154.742675781, 7107.84814453, 3.57325553894, -6.91203403473
          0.3, -0.00179659342393, 0.371329337358, -0.11808359623, -248.870346069, 147.566848755, 7111.58300781,  3.4918076992, -6.56736516953
        0.301, -0.00172522640787, 0.38335198164, -0.113941848278, -247.070266724, 140.012207031, 7109.96728516,  3.3922188282, -6.20593547821
        0.302, -0.00167180970311, 0.394799917936, -0.109354369342, -244.306762695, 132.142379761, 7103.10595703, 3.27439236641, -5.83120822906
        0.303, -0.0016384657938, 0.405619949102, -0.104327447712, -241.139678955, 124.010673523, 7091.12402344, 3.13849806786, -5.44611406326
        0.304, -0.00162507861387, 0.415766566992, -0.0988696068525, -238.062225342, 115.655532837, 7074.16503906, 2.98500990868, -5.05284833908
        0.305, -0.00162970251404, 0.425201833248, -0.0929916873574, -235.458633423, 107.098297119, 7052.38916016, 2.81472039223, -4.65276813507
        0.306, -0.00164909928571, 0.433894872665, -0.0867067798972, -233.580200195, 98.3436126709, 7025.97216797, 2.62872385979, -4.2464222908
        0.307, -0.00167932524346, 0.441821277142, -0.0800300613046, -232.539779663, 89.3830184937, 6995.10400391, 2.42836308479, -3.83374190331
        0.308, -0.00171629339457, 0.448962390423, -0.072978451848, -232.323150635, 80.2015838623, 6959.98730469,  2.2151362896, -3.41438269615
        0.309, -0.00175625027623, 0.455304831266, -0.0655701234937, -232.809539795, 70.7864456177, 6920.83691406, 1.99058353901, -2.98816347122
         0.31, -0.00179639540147, 0.460839658976, -0.0578240789473, -233.62361145,  61.132900238, 6877.87744141, 1.75619542599, -2.55542588234
        0.311, -0.00183534692042, 0.46556532383, -0.0497594252229, -234.642486572, 51.2603912354,    6831.34375, 1.51323330402, -2.11764597893
        0.312, -0.00187203160021, 0.469483107328, -0.0413949340582, -235.730163574,  41.205039978,  6781.4765625, 1.26277112961, -1.67714178562
        0.313, -0.00190595898312, 0.472594171762, -0.0327495224774, -236.763092041, 31.0193977356, 6728.52587891, 1.00571477413, -1.23701000214
        0.314, -0.00193707842845, 0.474904239178, -0.0238422304392, -237.640136719, 20.7688751221, 6672.74511719, 0.742830991745, -0.800902605057
        0.315, -0.00196567806415, 0.476424127817, -0.0146922999993, -238.288223267, 10.5261478424, 6614.39355469, 0.474800914526, -0.372708708048
        0.316, -0.00199226476252, 0.477169632912, -0.00531940395012, -238.663818359, 0.36498183012, 6553.73388672, 0.202281847596, 0.0437826961279
        0.317, -0.0020174512174, 0.477161586285, 0.00425614416599, -238.678115845, -9.64536476135, 6491.02978516, -0.0740388482809, 0.445172011852
        0.318, -0.00204268912785, 0.476426184177, 0.0140131553635, -238.113479614, -19.4443244934, 6426.54882812, -0.353404343128, 0.828653097153
        0.319, -0.00206967024133, 0.475002765656, 0.023929791525, -237.077606201, -28.9827327728, 6360.55615234, -0.634981751442, 1.19212269783
         0.32, -0.00209951540455, 0.472927421331, 0.0339834354818, -235.709365845, -38.223991394, 6293.31933594, -0.917856693268, 1.53420877457
        0.321, -0.00213278504089, 0.470231950283, 0.0441504232585, -234.157684326, -47.1437187195,  6225.1015625, -1.20103597641, 1.85422646999
        0.322, -0.00216946494766, 0.466944485903, 0.054406080395, -232.561569214, -55.7285423279, 6156.16601562, -1.48346984386, 2.15209031105
        0.323, -0.00220903242007, 0.463091105223, 0.0647248923779, -231.035202026, -63.9741668701, 6086.77197266, -1.76408219337, 2.42819881439
        0.324, -0.0022505777888, 0.458697229624, 0.075080730021, -229.659439087, -71.8830795288, 6017.17529297, -2.04180622101, 2.68330430984
        0.325, -0.00229295250028, 0.453789234161, 0.0854471549392,  -228.4790802, -79.4621429443, 5947.62646484, -2.3156182766, 2.91838669777
        0.326, -0.00233491952531, 0.448394864798, 0.0957976654172, -227.505187988, -86.7204742432, 5878.37109375, -2.58456730843, 3.13454437256
        0.327, -0.00237528700382, 0.442543894053, 0.106105953455, -226.720703125, -93.667755127, 5809.64941406, -2.84779691696, 3.33291149139
        0.328, -0.00241301255301, 0.436267673969, 0.116346098483, -226.088043213, -100.31313324, 5741.69335938, -3.10455799103, 3.51460337639
        0.329, -0.00244727451354, 0.429599046707, 0.126492723823, -225.557144165, -106.664680481, 5674.72851562, -3.35421419144, 3.68068933487
         0.33, -0.00247750757262, 0.422571659088, 0.136521071196, -225.072998047, -112.729248047, 5608.97216797, -3.59624028206, 3.83218383789
        0.331, -0.0025034097489, 0.41521948576, 0.146407172084, -224.582138062, -118.512657166, 5544.63378906, -3.83021807671,  3.9700512886
        0.332, -0.00252492376603, 0.40757638216, 0.156127750874, -224.037475586, -124.020057678, 5481.91259766, -4.05582618713, 4.09521532059
        0.333, -0.00254220026545, 0.399675607681, 0.165660440922, -223.401672363, -129.256317139, 5420.99951172, -4.27283287048, 4.20857143402
        0.334, -0.00255555077456, 0.391549319029, 0.174983695149, -222.648956299, -134.226348877, 5362.07470703, -4.48108482361, 4.31099510193
        0.335, -0.00256539834663, 0.383228570223, 0.184076905251, -221.765457153, -138.93548584, 5305.30908203, -4.68049907684, 4.40334939957
        0.336, -0.00257222517394, 0.374743014574, 0.192920401692, -220.748626709, -143.389572144, 5250.86279297, -4.87105321884, 4.48648786545
        0.337, -0.00257652811706, 0.366120874882, 0.201495543122, -219.605789185, -147.595169067, 5198.88427734, -5.05277919769, 4.56125402451
        0.338, -0.00257878052071, 0.357388913631, 0.209784686565, -218.352081299, -151.559494019, 5149.51269531, -5.22575426102, 4.62847900391
        0.339, -0.00257940264419, 0.348572343588, 0.217771336436, -217.008285522, -155.290359497,      5102.875, -5.39009666443, 4.68897867203
         0.34, -0.0025787432678, 0.339694917202, 0.225440099835, -215.598617554, -158.796112061, 5059.08740234, -5.54595756531, 4.74354553223
        0.341, -0.00257700448856, 0.330778986216, 0.232776716352, -214.222503662, -162.091339111, 5018.25585938, -5.69347190857, 4.79308795929
        0.342, -0.00257391529158, 0.321844607592, 0.239767834544, -212.907577515, -165.185592651, 4980.47314453, -5.83282709122, 4.83835315704
        0.343, -0.00256943749264, 0.312911987305, 0.246402010322, -211.590438843, -168.080947876, 4945.82373047, -5.96430015564,  4.8798699379
        0.344, -0.00256379065104, 0.30400082469, 0.252669095993, -210.234786987, -170.781173706, 4914.37792969, -6.08816814423, 4.91817569733
        0.345, -0.00255730934441, 0.295129209757, 0.258560180664, -208.83190918, -173.292114258, 4886.19824219, -6.20469427109, 4.95382261276
        0.346, -0.00255032978021, 0.286313503981, 0.26406750083, -207.396148682, -175.621612549, 4861.33398438, -6.31412649155, 4.98737049103
        0.347, -0.00254310457967, 0.27756947279, 0.269184529781, -205.956665039, -177.778869629, 4839.82470703, -6.41669368744, 5.01937294006
        0.348, -0.00253575714305, 0.268915534019, 0.273905992508, -204.548324585, -179.77381897, 4821.69921875, -6.51260995865, 5.05035972595
        0.349, -0.00252827769145, 0.260374009609, 0.278228282928, -203.203689575, -181.616333008, 4806.97265625, -6.60208368301, 5.08081817627
         0.35, -0.00252054794692, 0.251970916986, 0.282149672508, -201.947845459, -183.315795898, 4795.64501953, -6.68531942368, 5.11118173599
        0.351, -0.00251238327473, 0.243735700846, 0.285670608282, -200.796112061, -184.880844116, 4787.69970703, -6.76252317429, 5.14182186127
        0.352, -0.00250357552432, 0.235700681806, 0.288793742657, -199.754272461, -186.319274902, 4783.10400391, -6.83390283585, 5.17304801941
        0.353, -0.00249393191189, 0.227900221944, 0.291524320841, -198.820556641, -187.63822937, 4781.80419922, -6.89966964722, 5.20511007309
        0.354, -0.00248330109753, 0.220369964838, 0.293870002031, -197.988174438, -188.844482422, 4783.72949219, -6.96003627777, 5.23820400238
        0.355, -0.00247158296406, 0.213159352541, 0.295841246843, -197.247711182, -189.944595337, 4788.78710938, -7.01521968842, 5.27247858047
        0.356, -0.0024587395601, 0.206347987056, 0.297452419996, -196.588745117, -190.945495605, 4796.85253906, -7.06546211243, 5.30803155899
        0.357, -0.00244481302798, 0.200031265616, 0.298723518848, -196.000946045, -191.854919434, 4807.75927734, -7.11105489731, 5.34490633011
        0.358, -0.00242992700078, 0.194302782416, 0.299680322409, -195.475402832, -192.681610107, 4821.29492188, -7.15234994888, 5.38309574127
        0.359, -0.00241427426226, 0.189237311482, 0.300353884697, -195.005142212, -193.435913086, 4837.20458984, -7.18975067139,  5.4225730896
         0.36, -0.00239809462801, 0.184877276421, 0.300779104233, -194.586151123, -194.127166748, 4855.20507812,  -7.223716259, 5.46320772171
        0.361, -0.00238164537586,   0.181264624, 0.300995320082, -194.216629028, -194.766464233, 4874.99804688, -7.25479698181,  5.5048866272
        0.362, -0.00236517121084, 0.178184360266, 0.301029026508, -193.897766113, -195.363311768, 4896.30371094, -7.28320932388, 5.54754304886
        0.363, -0.00234883464873, 0.175707101822, 0.300918877125, -193.632278442, -195.927200317, 4918.87011719, -7.30956554413, 5.59103631973
        0.364, -0.00233273603953, 0.173689290881, 0.300687342882, -193.423522949, -196.46546936, 4942.47900391, -7.33408689499, 5.63529491425
        0.365, -0.00231690565124, 0.172074839473, 0.300357669592, -193.27432251, -196.98449707, 4966.93652344, -7.35706806183, 5.68022489548
        0.366, -0.00230132299475, 0.170815974474, 0.29995033145, -193.186660767, -197.489776611, 4992.07128906, -7.37877225876, 5.72573757172
        0.367, -0.00228601251729, 0.169870406389, 0.299483597279, -193.081222534, -197.976882935, 5017.72851562, -7.39950418472, 5.77151966095
        0.368, -0.00227134930901, 0.169200733304, 0.298973828554, -192.937408447, -198.447357178, 5043.77197266, -7.41950845718, 5.81741952896
        0.369, -0.00225759809837, 0.168774411082, 0.298435091972, -192.767166138, -198.905822754,   5070.078125, -7.43896627426, 5.86338615417
         0.37, -0.00224494258873, 0.16862654686, 0.297883093357, -192.583572388, -199.357620239, 5096.53662109, -7.45813369751, 5.90939617157
        0.371, -0.00223349872977, 0.168601065874, 0.297321617603, -192.400436401, -199.805664062, 5123.05175781, -7.47695493698, 5.95543193817
        0.372, -0.00222329306416, 0.168796077371, 0.296766608953, -192.230163574, -200.254455566, 5149.53564453, -7.49574565887, 6.00145530701
        0.373, -0.00221429998055, 0.169075131416, 0.296220034361, -192.08392334, -200.706100464, 5175.91162109, -7.51444149017, 6.04745531082
        0.374, -0.00220642518252, 0.16954433918, 0.295695632696, -191.970199585, -201.16343689, 5202.10986328, -7.5333442688, 6.09336614609
        0.375, -0.00219954666682, 0.170050621033, 0.295192241669, -191.894729614, -201.629058838, 5228.07128906, -7.5523223877,  6.1392493248
        0.376, -0.00219350284897, 0.170646518469, 0.294718712568, -191.860794067, -202.103149414, 5253.74121094, -7.57157897949, 6.18499040604
        0.377, -0.00218811770901, 0.171381473541, 0.294282823801, -191.868515015, -202.587142944, 5279.07128906, -7.59129047394, 6.23054504395
        0.378, -0.00218322337605, 0.172116905451, 0.293881654739, -191.915542603, -203.082000732, 5304.02148438, -7.61131477356, 6.27595329285
        0.379, -0.00217864965089, 0.172904893756, 0.29352170229, -191.997711182, -203.586608887, 5328.55322266, -7.63182783127, 6.32108831406
         0.38, -0.00217424612492, 0.173735529184, 0.293205589056, -192.108932495, -204.100845337, 5352.63525391, -7.65288496017, 6.36590766907
        0.381, -0.00216988637112, 0.174599841237, 0.292935401201, -192.242095947, -204.624084473, 5376.23925781, -7.67453670502, 6.41035556793
        0.382, -0.00216547073796, 0.175489708781, 0.29271286726, -192.389450073, -205.155517578, 5399.34082031, -7.69682645798, 6.45437479019
        0.383, -0.00216092797928, 0.17639772594, 0.292539149523, -192.543182373, -205.694213867, 5421.91943359, -7.71979236603, 6.49790906906
        0.384, -0.00215621525422, 0.177317261696, 0.292415201664, -192.695846558, -206.23916626, 5443.95800781, -7.74346399307,  6.5409040451
        0.385, -0.00215131579898, 0.178242221475, 0.292341500521, -192.840682983, -206.789398193, 5465.44091797, -7.76786518097, 6.58330869675
        0.386, -0.00214623520151, 0.179167121649, 0.292318254709, -192.971939087, -207.343948364, 5486.35742188, -7.79301166534, 6.62507629395
        0.387, -0.00214100047015, 0.180015981197, 0.292341709137, -193.085098267, -207.901611328, 5506.69873047,  -7.818795681, 6.66618394852
        0.388, -0.00213563954458, 0.180927634239, 0.292419046164, -193.176879883, -208.460998535, 5526.45556641, -7.84546709061, 6.70650148392
        0.389, -0.00213020574301, 0.181751787663, 0.29254207015, -193.244934082, -209.022277832, 5545.62402344, -7.87276601791, 6.74610567093
         0.39, -0.00212473911233, 0.182638838887, 0.292718172073, -193.288375854, -209.584014893, 5564.19873047, -7.90095424652, 6.78485822678
        0.391, -0.00211929692887, 0.183440759778, 0.292938917875, -193.30708313, -210.145904541, 5582.17724609, -7.92976856232, 6.82281637192
        0.392, -0.00211392110214, 0.184216186404, 0.293206751347, -193.301696777, -210.708129883, 5599.55664062, -7.95929479599, 6.85995864868
        0.393, -0.00210865051486, 0.184996649623, 0.293522506952, -193.273788452, -211.269363403, 5616.33447266, -7.98958015442, 6.89620876312
        0.394, -0.00210351822898, 0.185756206512, 0.293884009123, -193.225006104, -211.829910278, 5632.51025391, -8.02055931091, 6.93159246445
        0.395, -0.00209854845889, 0.186494961381, 0.294290423393, -193.157409668, -212.389465332, 5648.08203125, -8.0522146225, 6.96609449387
        0.396, -0.00209375587292, 0.187213242054, 0.294740945101, -193.073059082, -212.947753906, 5663.04882812, -8.08452796936, 6.99970293045
        0.397, -0.00208914629184, 0.187911480665, 0.295234769583, -192.973937988, -213.504592896, 5677.41064453, -8.11748027802, 7.03240776062
        0.398, -0.00208471855149, 0.188590168953, 0.295771121979, -192.861785889, -214.059738159, 5691.16650391, -8.15105342865, 7.06419801712
        0.399, -0.0020804645028, 0.189249813557, 0.296349227428, -192.738067627, -214.612915039, 5704.31542969, -8.1852273941, 7.09506368637
          0.4, -0.00207637110725, 0.189890742302, 0.296968400478, -192.603912354, -215.163879395, 5716.85791016, -8.21998405457, 7.12499284744
        0.401, -0.00207242183387, 0.190513074398, 0.297627866268, -192.460083008, -215.712265015, 5728.79296875, -8.25530338287, 7.15397310257
        0.402, -0.00206859782338, 0.191116735339, 0.298326939344, -192.30696106, -216.257766724, 5740.12158203, -8.29116725922, 7.18199157715
        0.403, -0.00206488021649, 0.191701546311, 0.299064904451, -192.144668579, -216.799957275,    5750.84375, -8.32755661011, 7.20903539658
        0.404, -0.00206124922261, 0.192267164588, 0.299840986729, -191.973022461,  -217.3384552,  5760.9609375, -8.36444950104, 7.23509025574
        0.405, -0.00205768737942, 0.192813202739, 0.300654441118, -191.791625977, -217.872802734, 5770.47460938, -8.40182590485, 7.26014328003
        0.406, -0.00205417862162, 0.193339183927, 0.30150449276, -191.599960327, -218.402526855, 5779.38623047, -8.43966388702, 7.28418016434
        0.407, -0.00205070967786, 0.193844556808, 0.302390247583, -191.397369385, -218.927185059, 5787.69873047, -8.47794055939, 7.30718946457
        0.408, -0.00204727007076, 0.19432875514, 0.303310900927, -191.183242798, -219.446273804, 5795.41601562, -8.5166311264, 7.32915782928
        0.409, -0.00204385118559, 0.194791138172, 0.304265499115, -190.957015991, -219.958724976, 5802.54052734, -8.55571651459, 7.35004663467
         0.41, -0.00204044720158, 0.195231080055, 0.305253148079, -190.717941284, -220.464874268,   5809.078125, -8.59516239166, 7.36988401413
        0.411, -0.0020370548591, 0.195647895336, 0.306272834539, -190.465576172, -220.964050293, 5815.03271484, -8.63494205475, 7.38865232468
        0.412, -0.00203367276117, 0.19604088366, 0.307323455811, -190.199523926, -221.455825806, 5820.41064453, -8.67502593994, 7.40634489059
        0.413, -0.00203029997647, 0.196409374475, 0.308403998613, -189.919540405, -221.93977356, 5825.21826172, -8.71538257599, 7.42295742035
        0.414, -0.00202693673782, 0.196752667427, 0.30951321125, -189.625457764, -222.415466309, 5829.46289062, -8.75598049164, 7.43848705292
        0.415, -0.00202358374372, 0.197070077062, 0.310649991035, -189.317245483, -222.882507324, 5833.15185547, -8.79678440094, 7.45293188095
        0.416, -0.00202024145983, 0.197360947728, 0.311813026667, -188.994979858, -223.340515137, 5836.29394531, -8.83775901794, 7.46629238129
        0.417, -0.00201690988615, 0.197624638677, 0.313001006842, -188.658798218, -223.789123535, 5838.89794922, -8.8788690567, 7.47857093811
        0.418, -0.00201358832419, 0.197860494256, 0.314212590456, -188.308914185, -224.227966309, 5840.97363281, -8.92007541656, 7.48977041245
        0.419, -0.00201027537696, 0.198067963123, 0.315446346998, -187.945571899, -224.656677246,    5842.53125, -8.96133995056,  7.4998960495
         0.42, -0.00200696848333, 0.198246464133, 0.316700845957, -187.569030762, -225.074905396, 5843.58251953, -9.00262260437, 7.50895357132
        0.421, -0.0020036646165, 0.198395505548, 0.317974567413, -187.17956543, -225.482330322, 5844.13769531, -9.04388332367, 7.51695203781
        0.422, -0.00200035981834, 0.19851462543, 0.319265961647, -186.77746582, -225.878585815, 5844.20996094, -9.08507919312, 7.52389860153
        0.423, -0.00199704919942, 0.198603451252, 0.320573419333, -186.362976074, -226.26335144, 5843.81201172, -9.12617015839, 7.52980422974
        0.424, -0.00199372763745, 0.198661640286, 0.321895301342, -185.936309814, -226.636276245, 5842.95605469, -9.16711330414, 7.53467988968
        0.425, -0.00199038931169, 0.198688924313, 0.323229968548, -185.497695923, -226.997039795, 5841.65673828, -9.20786476135, 7.53853750229
        0.426, -0.00198702886701, 0.198685139418, 0.324575722218, -185.047286987, -227.345321655, 5839.92773438, -9.24838256836, 7.54139041901
        0.427, -0.00198364024982, 0.198650181293, 0.325930804014, -184.585250854, -227.680786133, 5837.78320312, -9.28862380981, 7.54325294495
        0.428, -0.00198021787219, 0.198584020138, 0.327293455601, -184.111724854, -228.003143311, 5835.23876953, -9.32854557037, 7.54413986206
        0.429, -0.00197675661184, 0.198486760259, 0.32866191864, -183.626831055, -228.312072754, 5832.30908203, -9.36810398102, 7.54406785965
         0.43, -0.0019732513465, 0.198358550668, 0.330034434795, -183.13067627, -228.607299805, 5829.00927734, -9.40725803375, 7.54305458069
        0.431, -0.00196969765238, 0.198199659586, 0.331409156322, -182.623413086, -228.888549805, 5825.35546875, -9.44596576691, 7.54111671448
        0.432, -0.00196609157138, 0.198010459542, 0.332784324884, -182.105133057, -229.155548096, 5821.36328125, -9.48418426514, 7.53827476501
        0.433, -0.00196242984384, 0.197791412473, 0.334158152342, -181.576004028, -229.408050537, 5817.04882812, -9.5218744278, 7.53454780579
        0.434, -0.00195870944299, 0.197543099523, 0.335528850555, -181.036193848, -229.645858765, 5812.42773438, -9.55899620056, 7.52995729446
        0.435, -0.0019549280405, 0.197266176343, 0.336894601583, -180.485855103, -229.868743896,   5807.515625, -9.59551048279, 7.52452373505
        0.436, -0.00195108354092, 0.196961387992, 0.338253736496, -179.925201416, -230.076538086, 5802.32910156, -9.63138103485, 7.51827001572
        0.437, -0.00194717478007, 0.19662964344, 0.339604467154, -179.354476929, -230.269088745, 5796.88378906, -9.66656970978, 7.51121854782
        0.438, -0.0019432004774, 0.196271881461, 0.340945184231, -178.773910522, -230.446258545, 5791.19482422, -9.70104408264, 7.50339269638
        0.439, -0.00193916005082, 0.195889145136, 0.342274159193, -178.183792114, -230.607925415, 5785.27783203, -9.73476886749, 7.49481678009
         0.44, -0.0019350531511, 0.195482596755, 0.343589872122, -177.584411621, -230.754013062, 5779.14794922, -9.76771354675, 7.48551464081
        0.441, -0.00193087942898, 0.195053443313, 0.344890713692, -176.976074219, -230.884475708, 5772.81982422, -9.79984855652, 7.47551107407
        0.442, -0.0019266391173, 0.194603011012, 0.346175253391, -176.359100342, -230.999252319, 5766.30810547, -9.83114528656, 7.46482992172
        0.443, -0.0019223325653, 0.194132655859, 0.347442060709, -175.733840942, -231.098342896, 5759.62597656, -9.86157798767, 7.45349693298
        0.444, -0.00191796023864, 0.193643808365, 0.348689764738, -175.100646973, -231.181762695, 5752.78759766, -9.89112281799, 7.44153594971
        0.445, -0.00191352283582, 0.193137988448, 0.349917113781, -174.459854126, -231.249542236, 5745.80566406, -9.91975784302, 7.42897224426
        0.446, -0.00190902140457, 0.192616716027, 0.35112285614, -173.811828613, -231.301773071, 5738.69287109, -9.94746303558, 7.41582965851
        0.447, -0.00190445664339, 0.192081570625, 0.352305948734, -173.156814575, -231.339096069,  5731.4609375, -9.97421646118, 7.40216064453
        0.448, -0.00189983053133, 0.191534131765, 0.35346531868, -172.495330811, -231.360809326, 5724.12060547, -10.0000085831, 7.38795089722
        0.449, -0.00189514411613, 0.190976008773, 0.354600012302, -171.827697754, -231.367279053, 5716.68261719, -10.0248250961, 7.37323379517
         0.45, -0.00189039867837, 0.190408840775, 0.355709195137, -171.154251099, -231.358642578, 5709.15722656, -10.0486536026, 7.35803174973
        0.451, -0.00188559596427, 0.189834222198, 0.356792122126, -170.475357056, -231.335083008, 5701.55322266, -10.0714874268, 7.34236764908
        0.452, -0.00188073760364, 0.189253747463, 0.357848107815, -169.791320801, -231.296783447, 5693.87939453, -10.0933189392, 7.32626342773
        0.453, -0.00187582557555, 0.188668966293, 0.35887658596, -169.102508545, -231.24395752, 5686.14404297, -10.1141433716, 7.30974006653
        0.454, -0.0016776022967, 0.188271582127, 0.359877079725, -168.409210205, -231.176834106, 5678.35400391, -10.1339569092, 7.29281902313
        0.455, -0.00174780597445, 0.187663197517, 0.360882312059, -163.633041382, -230.530334473, 5670.50732422, -10.1583652496, 7.25849676132
        0.456, -0.00175157096237, 0.187189817429, 0.361854314804, -160.539367676, -230.104400635, 5662.63037109, -10.1797533035, 7.23088216782
        0.457, -0.00180304271635, 0.186694860458, 0.362802654505, -158.435409546, -229.80632019, 5654.72900391, -10.1991987228, 7.20715999603
        0.458, -0.00188365834765, 0.186193302274, 0.363717406988, -157.673126221, -229.686325073, 5646.81005859, -10.2159891129, 7.18889141083
        0.459, -0.00197568559088, 0.185697883368, 0.364597916603, -158.282485962, -229.749328613, 5638.88134766, -10.2300872803, 7.17619276047
         0.46, -0.00206197239459, 0.185218676925, 0.365444988012, -160.013275146, -229.959793091, 5630.95019531, -10.2418260574, 7.16796302795
        0.461, -0.00212843087502, 0.184760302305, 0.366262108088, -162.541259766, -230.271591187, 5623.02490234, -10.251707077, 7.16277456284
        0.462, -0.00216490775347, 0.184320062399, 0.367053449154, -165.423141479, -230.62210083, 5615.11279297, -10.260389328, 7.15873384476
        0.463, -0.00216922420077, 0.183893784881, 0.367823451757, -168.189819336, -230.946060181, 5607.22412109, -10.2685585022, 7.15390872955
        0.464, -0.00214099744335, 0.183479711413, 0.368576109409, -170.368728638, -231.178848267, 5599.36669922, -10.2768735886, 7.14643287659
        0.465, -0.00210819533095, 0.183048799634, 0.369309037924, -173.056167603, -231.471755981, 5591.55712891, -10.2840929031, 7.14069128036
        0.466, -0.00200237822719, 0.18265171349, 0.370024561882, -174.091888428, -231.52885437, 5583.79345703, -10.2926301956, 7.12824010849
        0.467, -0.00182301795576, 0.182296738029, 0.370735764503, -172.880187988, -231.271606445, 5576.08886719, -10.3035535812, 7.10685586929
        0.468, -0.00158942060079, 0.182025387883, 0.371454238892, -168.664520264, -230.595245361, 5568.45458984, -10.3180856705, 7.07353210449
        0.469, -0.00132820848376, 0.181680738926, 0.372175931931, -161.371795654, -229.480957031, 5560.90429688, -10.3362569809, 7.02772426605
         0.47, -0.00107193482108, 0.181344851851, 0.372904896736, -151.386413574, -227.971359253, 5553.44970703, -10.3578805923, 6.97050333023
        0.471, -0.000849726551678, 0.181058302522, 0.37363910675, -139.58380127,  -226.1824646, 5546.10302734, -10.3819942474, 6.90512180328
        0.472, -0.000673147616908, 0.180680632591, 0.374363094568, -126.891227722, -224.251861572, 5538.87451172, -10.4070301056, 6.83575105667
        0.473, -0.000556665472686, 0.180277213454, 0.375071585178, -114.288894653, -222.337554932, 5531.77246094, -10.4315929413, 6.76723480225
        0.474, -0.000505212403368, 0.179943919182, 0.375759482384, -102.665718079, -220.584945679, 5524.80273438, -10.4543924332, 6.70406198502
        0.475, -0.000516268133651, 0.179576843977, 0.376411437988, -92.7331542969, -219.102874756, 5517.97167969, -10.4740953445, 6.64961004257
        0.476, -0.000580437539611, 0.179342404008, 0.377030730247, -84.9692993164, -217.949905396,    5511.28125, -10.4903612137, 6.60541248322
        0.477, -0.000685519189574, 0.179049164057, 0.377608716488, -79.6062316895, -217.134429932, 5504.73486328, -10.5028629303, 6.57143211365
        0.478, -0.000820912304334, 0.178823038936, 0.378152400255, -76.6904220581, -216.639572144, 5498.33398438, -10.511973381, 6.54677295685
        0.479, -0.000975602248218, 0.178621038795, 0.378660231829, -76.1409835815, -216.439987183, 5492.08007812, -10.5178565979, 6.53048849106
         0.48, -0.00113787699956, 0.178418591619, 0.379134356976, -77.6088867188, -216.489715576, 5485.97509766, -10.5209541321, 6.52123785019
        0.481, -0.00129694922362, 0.178192153573, 0.379577666521, -80.785194397, -216.756896973, 5480.02001953, -10.5216226578, 6.51819801331
        0.482, -0.00144254905172, 0.177933424711, 0.379992008209, -85.352394104, -217.211715698, 5474.21630859, -10.5201635361, 6.52065992355
        0.483, -0.00156769121531, 0.177660107613, 0.380379766226, -90.9300308228, -217.814239502, 5468.56640625, -10.5169782639, 6.52761793137
        0.484, -0.00166682794224, 0.177381694317, 0.380743741989, -97.1108932495, -218.515289307, 5463.07128906, -10.512547493, 6.53773880005
        0.485, -0.00173676561099, 0.177106425166, 0.381087094545, -103.485717773, -219.258895874, 5457.73291016, -10.5074176788, 6.54942846298
        0.486, -0.00177612935659, 0.176826387644, 0.381413251162, -109.664031982, -219.986923218, 5452.55273438, -10.5021572113, 6.56098365784
        0.487, -0.00178534211591, 0.176464572549, 0.381721824408, -115.292068481, -220.64302063, 5447.53369141, -10.4971961975, 6.57075643539
        0.488, -0.00176679284777, 0.176163882017, 0.382023185492, -120.073356628, -221.181411743, 5442.67480469, -10.493221283, 6.57735776901
        0.489, -0.00172472093254, 0.175791531801, 0.382311999798, -123.790016174, -221.566635132, 5437.97900391, -10.4903411865, 6.57981395721
         0.49, -0.00182067451533, 0.175388455391, 0.382586836815, -127.891815186, -222.00541687, 5433.45166016, -10.4869184494, 6.58392524719
        0.491, -0.00187377806287, 0.17505659163, 0.38283520937, -132.081039429, -222.453155518, 5429.07763672, -10.482872963, 6.58850622177
        0.492, -0.0019047682872, 0.174674615264, 0.383060693741, -136.129821777, -222.876876831, 5424.85253906, -10.4785652161, 6.59260797501
        0.493, -0.00191321945749, 0.174294188619, 0.383268028498, -139.76222229, -223.237213135, 5420.76904297, -10.4744405746,  6.5951051712
        0.494, -0.00189994566608, 0.173993319273, 0.383463591337, -142.75479126, -223.501907349, 5416.81884766, -10.4709348679, 6.59505748749
        0.495, -0.00187912757974, 0.173621580005, 0.383641034365, -145.086029053, -223.668426514, 5412.99707031, -10.4678544998,  6.5924706459
        0.496, -0.00185024249367, 0.173262014985, 0.383804172277, -146.752853394, -223.73765564, 5409.29443359, -10.4652986526, 6.58736515045
        0.497, -0.00181622046512, 0.172986581922, 0.383957147598, -147.758239746, -223.709976196, 5405.70361328, -10.4633769989, 6.57972049713
        0.498, -0.00177983229514, 0.17265573144, 0.38409268856, -148.145019531, -223.592147827, 5402.21582031, -10.4617938995, 6.56979990005
        0.499, -0.00174332945608, 0.172399297357, 0.384217590094, -147.981643677, -223.394927979, 5398.82275391, -10.4606628418, 6.55785703659
          0.5, -0.00170868984424, 0.172090426087, 0.384325146675, -147.327133179, -223.125701904, 5395.51660156, -10.4597005844, 6.54413414001
        0.501, -0.0016775445547, 0.171851292253, 0.384421825409, -146.30078125, -222.802337646, 5392.28857422, -10.4589576721, 6.52907562256
        0.502, -0.00165112502873, 0.171605840325, 0.384503662586, -145.020095825, -222.441192627, 5389.13085938, -10.4581661224, 6.51315307617
        0.503, -0.00163065991364, 0.171300247312, 0.384568214417, -143.600921631, -222.057876587, 5386.03466797, -10.457113266, 6.49679136276
        0.504, -0.00161643465981, 0.170942336321, 0.38461047411, -142.154022217, -221.666397095, 5382.98730469, -10.4555082321, 6.48037719727
        0.505, -0.00160804053303, 0.170562446117, 0.384627759457, -140.769058228, -221.278533936, 5379.97167969, -10.4531431198, 6.46422243118
        0.506, -0.00160475762095, 0.170183390379, 0.384619146585, -139.512512207, -220.903335571, 5376.96972656, -10.449886322, 6.44855976105
        0.507, -0.0016057320172, 0.169815331697, 0.384584963322, -138.428955078, -220.547088623, 5373.96337891, -10.4456644058, 6.43354225159
        0.508, -0.00161002087407, 0.169521972537, 0.384529024363, -137.543075562, -220.21434021, 5370.93505859, -10.440530777, 6.41926288605
        0.509, -0.00161666166969, 0.169185057282, 0.384446144104, -136.862503052, -219.905288696, 5367.87011719, -10.4342918396, 6.40574550629
         0.51, -0.0016247110907, 0.168931171298, 0.384344100952, -136.380111694, -219.620178223, 5364.75292969, -10.4271640778, 6.39293813705
        0.511, -0.00163332710508, 0.168623387814, 0.384216994047, -136.07774353, -219.355422974, 5361.57275391, -10.4189662933, 6.38076639175
        0.512, -0.0016417800216, 0.168398544192, 0.384073138237, -135.929031372, -219.108505249, 5358.31542969, -10.4099559784, 6.36910295486
        0.513, -0.00164950278122, 0.168109729886, 0.383905947208, -135.900665283, -218.873519897, 5354.97167969, -10.3999538422, 6.35781383514
        0.514, -0.00165608257521, 0.167897552252, 0.383723706007, -135.955322266, -218.646286011, 5351.53027344, -10.3892307281, 6.34672880173
        0.515, -0.00166126119439, 0.167619615793, 0.383519679308, -136.064849854, -218.421600342, 5347.98388672, -10.3776016235, 6.33573532104
        0.516, -0.00166488764808, 0.167411580682, 0.383301526308, -136.20135498, -218.196548462, 5344.32226562, -10.3653125763, 6.32470083237
        0.517, -0.00166694028303, 0.167140245438, 0.383062839508, -136.340057373, -217.966445923,  5340.5390625, -10.352186203, 6.31352806091
        0.518, -0.00166747905314, 0.16693367064, 0.382810682058, -136.459838867, -217.729278564, 5336.62548828, -10.3384437561, 6.30211353302
        0.519, -0.00166665611323, 0.166666269302, 0.382538884878, -136.544219971, -217.481628418, 5332.57568359, -10.3239088058, 6.29039430618
         0.52, -0.00166466715746, 0.166461646557, 0.382254123688, -136.581176758, -217.222717285,  5328.3828125, -10.3087835312, 6.27830600739
        0.521, -0.00166175875347, 0.166196361184, 0.381950229406, -136.56350708, -216.950500488, 5324.04150391, -10.2928829193, 6.26582241058
        0.522, -0.00165818189271, 0.165995329618, 0.38163381815, -136.488143921, -216.665512085, 5319.54589844, -10.2763986588,  6.2529168129
        0.523, -0.00165420188569, 0.165730565786, 0.381298393011, -136.35446167, -216.366592407, 5314.89208984, -10.2591314316, 6.23958969116
        0.524, -0.00165006890893, 0.165534809232, 0.380950897932, -136.164779663, -216.055145264, 5310.07421875, -10.2412786484, 6.22583770752
        0.525, -0.00164601870347, 0.16526915133, 0.380584180355, -135.927337646, -215.731155396, 5305.09033203, -10.2226133347, 6.21169710159
        0.526, -0.00164223392494, 0.165079861879, 0.380205750465, -135.651306152, -215.397155762, 5299.93505859, -10.2033452988,  6.1971912384
        0.527, -0.00163886870723, 0.164876326919, 0.379810869694, -135.347015381, -215.053573608, 5294.60693359, -10.1833209991, 6.18235206604
        0.528, -0.00163603015244, 0.164605632424, 0.379396885633, -135.024749756, -214.702468872, 5289.10351562, -10.1624393463, 6.16726732254
        0.529, -0.00163377367426, 0.16440346837, 0.378970623016, -134.694335938, -214.345199585, 5283.42138672, -10.1408987045, 6.15191221237
         0.53, -0.00163212651387, 0.164204418659, 0.378528535366, -134.364730835, -213.98236084, 5277.56005859, -10.1185874939, 6.13632106781
        0.531, -0.00163108180277, 0.163923799992, 0.378066331148, -134.043395996, -213.615753174, 5271.51855469, -10.0953588486, 6.12058877945
        0.532, -0.00163059402257, 0.163722828031, 0.377592027187, -133.736312866, -213.246124268, 5265.29492188, -10.0714540482, 6.10466527939
        0.533, -0.00163061032072, 0.163492381573, 0.377099901438, -133.447906494, -212.873825073, 5258.88916016, -10.0466985703, 6.08860397339
        0.534, -0.00163105712272, 0.163259238005, 0.376591235399, -133.180923462, -212.499282837, 5252.30175781, -10.0211305618, 6.07240486145
        0.535, -0.00163185561541, 0.163022920489, 0.376065820456, -132.936676025, -212.122634888, 5245.53173828, -9.99474620819, 6.05607223511
        0.536, -0.00163292547222, 0.162783026695, 0.375523477793, -132.715133667, -211.743835449, 5238.58056641, -9.96754455566,  6.0396065712
        0.537, -0.00163419032469, 0.162539198995, 0.374964058399, -132.515213013, -211.362731934, 5231.44824219, -9.9395275116, 6.02300405502
        0.538, -0.00163558137137, 0.162291154265, 0.374387353659, -132.335006714, -210.978988647, 5224.13623047, -9.91069698334, 6.00625705719
        0.539, -0.00163703982253, 0.162038639188, 0.373793154955, -132.171768188, -210.592208862, 5216.64550781, -9.88105678558, 5.98935699463
         0.54, -0.0016385220224, 0.161781519651, 0.373181343079, -132.022094727, -210.201873779, 5208.97753906, -9.85061168671, 5.97229146957
        0.541, -0.00163911795244, 0.161520630121, 0.372551679611, -131.883560181, -209.807632446, 5201.13427734, -9.81936645508, 5.95505285263
        0.542, -0.00163552851882, 0.161258816719, 0.371904224157, -131.718704224, -209.404190063,  5193.1171875, -9.78736877441, 5.93750238419
        0.543, -0.00162744242698, 0.160996675491, 0.371239423752, -131.468215942, -208.98324585, 5184.92919922, -9.75470256805, 5.91941976547
        0.544, -0.00161469297018, 0.16073474288, 0.37055772543, -131.082077026, -208.537841797, 5176.57226562, -9.7214422226, 5.90062093735
        0.545, -0.00159745232668, 0.160473302007, 0.369859486818, -130.519393921, -208.062301636, 5168.04931641, -9.68765163422,  5.8809595108
