Time,AVz,Ay,Steer_SW
            0,             0, 1.69714094227e-05,             0
        0.025, 0.00767535669729, 0.0022862367332, -0.00359199079685
         0.05, 0.0256827715784, 0.00300595420413, -0.0231493394822
        0.075, 0.0491889379919, 0.00300448131748, -0.0653629302979
          0.1, 0.0755434110761, 0.00280040339567, -0.131200015545
        0.125, 0.102700978518, 0.00267350138165, -0.219091534615
         0.15, 0.128766730428, 0.00272635812871, -0.326645344496
        0.175, 0.152098923922, 0.0029400519561, -0.45147550106
          0.2, 0.171503379941, 0.00322901736945, -0.591493964195
        0.225, 0.18642039597, 0.00348119786941, -0.744892776012
         0.25, 0.196888700128, 0.00365072628483, -0.910005688667
        0.275, 0.203171253204, 0.00373588083312, -1.08511686325
          0.3, 0.20577993989, 0.00373314460739, -1.26830101013
        0.325, 0.205372601748, 0.00366529403254, -1.45737528801
         0.35, 0.202555537224, 0.00357331382111, -1.64994680882
        0.375, 0.197749227285, 0.00349814584479, -1.84353065491
          0.4, 0.191156923771, 0.00346569390967, -2.03569984436
        0.425, 0.182806685567, 0.00348141929135, -2.22422266006
         0.45, 0.17263892293, 0.00353224761784, -2.40715193748
        0.475, 0.160595804453, 0.00359304249287, -2.5828564167
          0.5, 0.146692872047, 0.00363482511602, -2.75000524521
        0.525, 0.131057605147, 0.00363254151307, -2.90751719475
         0.55, 0.113931842148, 0.00357015710324, -3.05449867249
        0.575, 0.095644980669, 0.00344260479324, -3.19019055367
          0.6, 0.0765703096986, 0.00325462361798, -3.31393480301
        0.625, 0.0570790097117, 0.00301748025231, -3.42516708374
         0.65, 0.0375037379563, 0.00274489540607, -3.52342772484
        0.675, 0.0181184075773, 0.00244947709143, -3.60838937759
          0.7, -0.000864333007485, 0.00214049289934, -3.67988109589
        0.725, -0.019291613251, 0.00182234193198, -3.73791098595
         0.75, -0.0370499826968, 0.00149446201976, -3.78267526627
        0.775, -0.0540352091193, 0.00115360447671, -3.81454968452
          0.8, -0.0701316297054, 0.000796508567873, -3.83405828476
        0.825, -0.0852097868919, 0.000422665674705, -3.84183502197
         0.85, -0.0991378575563, 3.41715494869e-05, -3.83858728409
        0.875, -0.111793212593, -0.000361651094863, -3.82506418228
          0.9, -0.123072519898, -0.000756860827096, -3.80204319954
        0.925, -0.132909044623, -0.00114354921971, -3.77032351494
         0.95, -0.141277402639, -0.0015144541394, -3.73071956635
        0.975, -0.148190647364, -0.00186462642159, -3.68406271935
            1, -0.153691112995, -0.00219188514166, -3.63120079041
        1.025, -0.157834261656, -0.00249535171315, -3.57298970222
         1.05, -0.160679012537, -0.00277484976687, -3.51028227806
        1.075, -0.162283197045, -0.00303018908016, -3.44391822815
          1.1, -0.162702471018, -0.00326079898514, -3.37471318245
        1.125, -0.161992490292, -0.00346557772718, -3.30345034599
         1.15, -0.160211309791, -0.00364329922013, -3.2308754921
        1.175, -0.157421097159, -0.00379267591052, -3.15769505501
          1.2, -0.153684303164, -0.00391394132748, -3.08457493782
        1.225, -0.149066433311, -0.00400643935427, -3.01212882996
         1.25, -0.143640801311, -0.00406842911616, -2.9409096241
        1.275, -0.137493774295, -0.00409935973585, -2.87141656876
          1.3, -0.130724340677, -0.00410016207024, -2.80410075188
        1.325, -0.123440571129, -0.00407285196707, -2.73936748505
         1.35, -0.115753315389, -0.00402037892491, -2.67757534981
        1.375, -0.107769221067, -0.00394623400643, -2.61903548241
          1.4, -0.09958473593, -0.00385364471003, -2.56400585175
        1.425, -0.0912852585316, -0.00374467484653, -2.51268577576
         1.45, -0.0829481333494, -0.00362074375153, -2.4652159214
        1.475, -0.0746447816491, -0.00348299532197, -2.42168188095
          1.5, -0.0664408430457, -0.00333212851547, -2.3821182251
        1.525, -0.058395460248, -0.00316927558742, -2.34651684761
         1.55, -0.0505602806807, -0.00299560464919, -2.31483221054
        1.575, -0.0429793931544, -0.00281268777326, -2.2869887352
          1.6, -0.0356882251799, -0.00262230471708, -2.26288414001
        1.625, -0.0287151709199, -0.00242545548826, -2.2423889637
         1.65, -0.0220890268683, -0.00222338130698, -2.22535467148
        1.675, -0.0158397071064, -0.00201865076087, -2.21162509918
          1.7, -0.00999361928552, -0.00181412731763, -2.20103979111
        1.725, -0.00457076728344, -0.00161282205954, -2.19343137741
         1.75, 0.000416199269239, -0.00141712196637, -2.18862295151
        1.775, 0.00495982216671, -0.00122884614393, -2.18642640114
          1.8, 0.00905817560852, -0.00104812264908, -2.18664169312
        1.825, 0.012714122422, -0.000876750855241, -2.18906497955
         1.85, 0.015931693837, -0.000716028909665, -2.19348406792
        1.875, 0.0187193509191, -0.000565163150895, -2.19967103004
          1.9, 0.021088231355, -0.000423333782237, -2.20738911629
        1.925, 0.0230509769171, -0.000289916642942, -2.21639990807
         1.95, 0.0246217548847, -0.000164459881489, -2.22646999359
        1.975, 0.0258173253387, -4.70449158456e-05, -2.23737716675
            2, 0.0266581308097, 6.19426573394e-05, -2.2489156723
        2.025, 0.0271706432104, 0.00016198400408, -2.26089692116
         2.05, 0.0273856911808, 0.000253059901297, -2.27314901352
        2.075, 0.0273329522461, 0.000335372082191, -2.2855181694
          2.1, 0.0270372722298, 0.000408324238379, -2.2978758812
        2.125, 0.0265240594745, 0.000470949249575, -2.31011533737
         2.15, 0.0258218646049, 0.000522768707015, -2.32214641571
        2.175, 0.0249606985599, 0.000563882989809, -2.33389091492
          2.2, 0.0239696558565, 0.000594938523136,  -2.345277071
        2.225, 0.022874256596, 0.000617037701886, -2.35623812675
         2.25, 0.0216941572726, 0.000631467089988, -2.36671113968
        2.275, 0.0204425249249, 0.000639301317278, -2.37663984299
          2.3, 0.0191291309893, 0.000640975602437, -2.38597536087
        2.325, 0.0177629273385, 0.000637022429146, -2.39467716217
         2.35, 0.016354681924, 0.000627905072179, -2.40271115303
        2.375, 0.01491771359, 0.000614059099462, -2.41005206108
          2.4, 0.013467787765, 0.000596139638219, -2.4166829586
        2.425, 0.0120223974809, 0.000574717472773, -2.42259526253
         2.45, 0.0105994427577, 0.000550646334887, -2.42778968811
        2.475, 0.00921311043203, 0.000524874776602, -2.43227791786
          2.5, 0.00787612143904, 0.000497174682096, -2.43608498573
        2.525, 0.00660195248201, 0.00046777605894, -2.43924546242
         2.55, 0.0054036648944, 0.000436946487753,  -2.441801548
        2.575, 0.00429335609078, 0.000405181752285, -2.44379854202
          2.6, 0.00327877420932, 0.000372982613044, -2.44528508186
        2.625, 0.00236347340979, 0.000340399274137, -2.4463083744
         2.65, 0.00154368986841, 0.00030823959969, -2.4469127655
        2.675, 0.000815481180325, 0.000277518178336, -2.44713878632
          2.7, 0.000175009015948, 0.000247831543675, -2.4470281601
        2.725, -0.000387904176023, 0.000219233246753, -2.44661998749
         2.75, -0.000885198649485, 0.000191702303709, -2.44594979286
        2.775, -0.00132766016759, 0.000164940196555, -2.44505143166
          2.8, -0.00172239262611, 0.00013872719137, -2.44395518303
        2.825, -0.0020717936568, 0.000113792579214, -2.44268774986
         2.85, -0.00237344182096, 8.99790538824e-05, -2.4412753582
        2.875, -0.00262555107474, 6.77638163324e-05, -2.43974232674
          2.9, -0.00282715237699, 4.75898086734e-05, -2.43811321259
        2.925, -0.00297742336988, 2.96085145237e-05, -2.43641471863
         2.95, -0.00307532283477, 1.34310985231e-05, -2.43467664719
        2.975, -0.0031188945286, -6.34338789496e-07, -2.43292808533
            3, -0.00310777872801, -1.28432557176e-05, -2.43119812012
        3.025, -0.00303131341934, -5.32941294296e-06, -2.37752485275
         3.05, -0.00245013739914, 0.000166096098837, -2.08915567398
        3.075, 0.00019164000696, 0.000650997797493, -1.47830879688
          3.1, 0.00751390075311, 0.00156130827963, -0.46664005518
        3.125, 0.0232698507607, 0.00300844409503, 1.02089607716
         3.15, 0.0520674027503, 0.00499824620783, 3.05529904366
        3.175, 0.0992483794689, 0.00766129326075, 5.70323467255
          3.2, 0.170984059572, 0.0111292051151, 9.02643966675
        3.225, 0.274019449949, 0.0155416335911,    13.0810709
         3.25, 0.415532886982, 0.0210580099374, 17.9171180725
        3.275, 0.603048145771, 0.0278481952846, 23.5760211945
          3.3, 0.844328343868, 0.0360486507416, 30.0367698669
        3.325,  1.1468539238, 0.0456786714494, 37.2058830261
         3.35, 1.51661527157, 0.0564550347626, 44.9791374207
        3.375, 1.95645201206, 0.0681601986289, 53.2479705811
          3.4, 2.46772122383, 0.0809783041477, 61.9016494751
        3.425, 3.04993724823, 0.0947034582496, 70.8277740479
         3.45, 3.69904327393, 0.108556754887, 79.9145812988
        3.475, 4.40696430206, 0.122956886888, 89.0559768677
          3.5, 5.16692447662, 0.137864843011, 98.1506958008
        3.525, 5.96933412552, 0.153354510665, 107.102912903
         3.55, 6.80639314651, 0.169722139835, 115.805236816
        3.575, 7.67004776001, 0.18675249815, 124.110443115
          3.6,  8.5511713028, 0.204275265336, 131.871154785
        3.625, 9.44145298004, 0.222271338105, 138.948013306
         3.65, 10.3290939331, 0.239872977138, 145.211547852
        3.675, 11.2003488541, 0.257283806801, 150.546981812
          3.7, 12.0444545746, 0.27499628067,  154.85307312
        3.725, 12.8527164459, 0.292510867119, 158.038772583
         3.75, 13.6195363998, 0.309439659119, 160.022415161
        3.775, 14.3374185562, 0.326164752245, 160.730911255
          3.8, 14.9977121353, 0.342556595802, 160.105331421
        3.825, 15.5919914246, 0.358337342739, 158.134979248
         3.85, 16.1133804321, 0.373237103224, 154.834289551
        3.875, 16.5572986603, 0.386563301086, 150.223449707
          3.9, 16.9255275726, 0.397183895111, 144.326293945
        3.925, 17.2171821594, 0.406495243311, 137.167831421
         3.95, 17.4230422974, 0.414346724749,  128.77671814
        3.975, 17.5344486237, 0.421274632215, 119.187561035
            4, 17.5446605682, 0.426883339882, 108.438163757
        4.025, 17.4507236481, 0.430922240019, 96.5672912598
         4.05, 17.2469425201, 0.432907909155, 83.6160125732
        4.075, 16.9291477203, 0.432917892933, 69.6751861572
          4.1, 16.4890575409, 0.430680125952, 54.9108085632
        4.125, 15.9140758514, 0.426952809095, 39.4989929199
         4.15, 15.1971874237, 0.419721186161, 23.6173973083
        4.175, 14.3431367874, 0.409130394459, 7.44319629669
          4.2, 13.3625068665, 0.394643843174, -8.84855556488
        4.225,  12.267865181, 0.377487063408,   -25.0813694
         4.25, 11.0723552704, 0.358397960663, -41.0786933899
        4.275,  9.7854309082, 0.337501347065, -56.6645965576
          4.3, 8.41147041321, 0.314805626869, -71.6617507935
        4.325, 6.95153045654, 0.290361613035, -85.897026062
         4.35, 5.40834522247, 0.26502931118, -99.244758606
        4.375, 3.79241847992, 0.239680275321, -111.604850769
          4.4, 2.11984443665, 0.213974863291, -122.890335083
        4.425, 0.40937140584, 0.188184186816, -133.028915405
         4.45, -1.31719923019, 0.162487402558, -141.964660645
        4.475, -3.03789162636, 0.136405333877, -149.660324097
          4.5, -4.73541784286, 0.110053561628, -156.093704224
        4.525, -6.39106225967, 0.0801538899541, -161.256195068
         4.55, -7.97582674026, 0.0484840646386, -165.153182983
        4.575, -9.48093128204, 0.0165897477418, -167.803955078
          4.6, -10.9010095596, -0.0148400645703, -169.243591309
        4.625, -12.2312889099, -0.0468875095248, -169.52281189
         4.65, -13.463142395, -0.078880995512, -168.700653076
        4.675, -14.5937566757, -0.110995046794, -166.842910767
          4.7, -15.6147079468, -0.144888296723, -164.020553589
        4.725, -16.5107975006, -0.179795086384, -160.31048584
         4.75, -17.2709636688, -0.216545313597, -155.797531128
        4.775, -17.8811397552, -0.253672122955, -150.572875977
          4.8, -18.3437194824, -0.287953853607, -144.732696533
        4.825, -18.6718845367, -0.319021075964, -138.372848511
         4.85, -18.8791217804, -0.34573161602, -131.585891724
        4.875, -18.9874668121, -0.367200046778, -124.456886292
          4.9, -19.0179138184, -0.385680556297, -117.06060791
        4.925, -18.9760398865, -0.403030872345, -109.46269989
         4.95, -18.8623371124, -0.418955177069, -101.722167969
        4.975, -18.6791000366, -0.43347504735, -93.8924026489
            5, -18.4274749756, -0.446392327547, -86.0212936401
        5.025, -18.1091156006, -0.457520753145, -78.1520614624
         5.05, -17.7262897491, -0.466592639685, -70.3239440918
        5.075, -17.2826557159, -0.473281651735, -62.5727806091
          5.1, -16.7829189301, -0.477701425552, -54.9310836792
        5.125, -16.2295188904, -0.48000228405, -47.4273109436
         5.15, -15.6187419891, -0.481264621019, -40.086227417
        5.175, -14.950425148, -0.479019880295, -32.9272041321
          5.2, -14.2306699753, -0.472569733858, -25.9663047791
        5.225, -13.4669713974, -0.462790459394, -19.2235851288
         5.25, -12.6694526672, -0.451178252697, -12.7241573334
        5.275, -11.8462915421, -0.438880056143, -6.49556112289
          5.3, -11.0034170151, -0.426365554333, -0.565699219704
        5.325, -10.1455907822, -0.414056926966, 5.03927087784
         5.35, -9.27518177032, -0.402025312185, 10.2964105606
        5.375, -8.39433383942, -0.389924675226, 15.1813211441
          5.4, -7.50661802292, -0.377373814583,  19.665643692
        5.425, -6.61683607101, -0.363877356052, 23.7243309021
         5.45, -5.73088216782, -0.349386960268, 27.3354568481
        5.475, -4.85530519485, -0.333992809057, 30.4805660248
          5.5, -3.99717950821, -0.317478328943, 33.1448287964
        5.525, -3.16399765015, -0.300211191177,  35.317363739
         5.55, -2.36010408401, -0.282693505287, 36.9912376404
        5.575, -1.58967089653, -0.264942169189, 38.1630058289
          5.6, -0.856012523174, -0.247284248471, 38.8328094482
        5.625, -0.162100017071, -0.228875041008, 38.9860038757
         5.65, 0.478562742472, -0.209199622273, 38.5572547913
        5.675,  1.0610973835, -0.190177798271, 37.4774894714
          5.7, 1.58439850807, -0.172170713544, 35.6828155518
        5.725, 2.04614543915, -0.155025169253, 33.1147117615
         5.75,  2.4434671402, -0.139009401202, 29.7203445435
        5.775, 2.77312517166, -0.12394515425, 25.4527988434
          5.8, 3.02773857117, -0.109454445541, 20.2715759277
        5.825,  3.2011089325, -0.0963567495346, 14.1433792114
         5.85, 3.28831839561, -0.0847930237651, 7.04148674011
        5.875, 3.28328895569, -0.074862845242, -1.03781199455
          5.9, 3.17929601669, -0.0665996298194, -9.99868774414
        5.925, 2.96916127205, -0.0597529299557, -19.7066669464
         5.95, 2.64592289925, -0.0539251640439, -30.0221881866
        5.975, 2.20569324493, -0.0501138567924, -40.8025398254
            6, 1.65101969242, -0.0486629977822, -51.9049987793
        6.025, 0.984885632992, -0.0494682863355, -63.1881103516
         6.05, 0.212581858039, -0.0523077175021, -74.5130691528
        6.075, -0.659804582596, -0.0565901584923, -85.7481155396
          6.1, -1.62867712975, -0.0635338649154, -96.7737960815
        6.125, -2.68838763237, -0.0739752352238, -107.478942871
         6.15, -3.82473874092, -0.0886097624898, -117.722770691
        6.175, -5.01783561707, -0.106585927308, -127.344291687
          6.2, -6.24512147903, -0.126732394099, -136.187637329
        6.225, -7.48486375809, -0.14812156558, -144.105422974
         6.25, -8.71612644196, -0.170277804136, -150.961654663
        6.275, -9.91877555847, -0.192589089274, -156.634536743
          6.3, -11.0799856186, -0.214589849114, -161.017990112
        6.325, -12.1860780716, -0.236471191049, -164.019836426
         6.35, -13.2220125198, -0.258237749338, -165.56288147
        6.375, -14.1740484238, -0.279731184244, -165.585250854
          6.4, -15.0311031342, -0.300115019083, -164.065261841
        6.425, -15.788228035, -0.31867980957, -161.028503418
         6.45, -16.4406070709, -0.335941642523, -156.51121521
        6.475, -16.9829425812, -0.351861923933, -150.556991577
          6.5, -17.4119567871, -0.365660399199, -143.215667725
        6.525, -17.7272720337, -0.376675456762, -134.542602539
         6.55, -17.9351387024, -0.384732276201, -124.596176147
        6.575, -18.0348701477, -0.391244500875, -113.435081482
          6.6, -18.0216064453, -0.396695315838, -101.119400024
        6.625, -17.8890514374, -0.401111990213, -87.7105941772
         6.65, -17.6307086945, -0.403312683105, -73.2894515991
        6.675, -17.2402706146, -0.403197348118, -58.015827179
          6.7, -16.7096862793, -0.400799900293, -42.0742301941
        6.725, -16.0349502563, -0.397212088108, -25.652141571
         6.75, -15.2058296204, -0.392918080091, -8.93351268768
        6.775, -14.2172451019, -0.385011941195, 7.90256643295
          6.8, -13.0778503418, -0.372814834118, 24.6833763123
        6.825, -11.8047580719, -0.355994701385, 41.2408332825
         6.85, -10.4159984589, -0.335048556328, 57.4068260193
        6.875, -8.92390155792, -0.310601532459, 73.0088348389
          6.9, -7.33495855331, -0.283913910389, 87.8458480835
        6.925, -5.6591258049, -0.257435590029, 101.645401001
         6.95, -3.91377925873, -0.231723994017, 114.293014526
        6.975, -2.1196231842, -0.207004651427, 125.714408875
            7, -0.303869277239, -0.182897597551, 135.858520508
        7.025, 1.51219832897, -0.157925799489,  144.69519043
         7.05, 3.31006765366, -0.132452830672, 152.208084106
        7.075, 5.07309865952, -0.10638769716, 158.393722534
          7.1, 6.78395748138, -0.0770238041878, 163.260726929
        7.125, 8.41310405731, -0.0455720126629, 166.831115723
         7.15, 9.95057582855, -0.0139167197049, 169.141296387
        7.175, 11.3916540146, 0.0172038078308, 170.237701416
          7.2, 12.7317295074, 0.0489974506199, 170.175323486
        7.225, 13.9627275467, 0.0806506872177, 169.017364502
         7.25, 15.0825548172, 0.112431965768, 166.833892822
        7.275, 16.0830554962, 0.145988225937, 163.700317383
          7.3, 16.9503002167, 0.180806398392, 159.698120117
        7.325, 17.6721057892, 0.217653930187, 154.916351318
         7.35, 18.2348632812, 0.254634857178, 149.451080322
        7.375, 18.6443786621, 0.288483709097, 143.402923584
          7.4, 18.9153499603, 0.318973720074, 136.871063232
        7.425, 19.0640239716, 0.34492623806, 129.950897217
         7.45, 19.1161174774, 0.365384638309, 122.730323792
        7.475, 19.0906791687, 0.383463799953,  115.28578186
          7.5, 18.9926128387, 0.400749742985, 107.684074402
        7.525, 18.8232097626, 0.416601032019, 99.9845809937
         7.55, 18.5855445862, 0.431154936552, 92.2399215698
        7.575, 18.2813549042, 0.444206029177, 84.4962005615
          7.6, 17.9131298065, 0.455498337746, 76.7939224243
        7.625, 17.4839859009, 0.464773148298, 69.1687545776
         7.65, 16.9982452393, 0.471656709909, 61.6522026062
        7.675, 16.4607639313, 0.476053506136, 54.2724456787
          7.7, 15.8750658035, 0.478551924229, 47.0553665161
        7.725, 15.2396278381, 0.480043530464, 40.0227661133
         7.75, 14.5553798676, 0.478078961372, 33.1904373169
        7.775,  13.830163002, 0.472196400166, 26.5703754425
          7.8, 13.0741519928, 0.463085085154,  20.176197052
        7.825,  12.296251297, 0.451688766479, 14.0256795883
         7.85, 11.5027599335, 0.439435899258, 8.14163970947
        7.875, 10.6987838745, 0.427042752504, 2.54841399193
          7.9, 9.88617229462, 0.415076345205, -2.73072004318
        7.925, 9.06534576416, 0.403502523899, -7.67509269714
         7.95, 8.23744869232, 0.391958415508, -12.2675876617
        7.975, 7.40535163879, 0.379932969809, -16.4948940277
            8, 6.57337427139, 0.366995185614, -20.3469429016
        8.025, 5.74743270874, 0.353031367064, -23.8163223267
         8.05,  4.9333486557, 0.338021427393, -26.8982486725
        8.075, 4.13785266876, 0.321872383356, -29.5903396606
          8.1, 3.36718273163, 0.304957032204, -31.8933143616
        8.125, 2.62459111214, 0.287710815668, -33.8108100891
         8.15,  1.9130204916, 0.270167350769, -35.3490333557
        8.175, 1.23430669308, 0.252630621195, -36.5167274475
          8.2, 0.590236961842, 0.234088480473, -37.3247756958
        8.225, -0.00743700750172, 0.214431539178, -37.7873382568
         8.25, -0.557296454906, 0.195204645395, -37.9231681824
        8.275, -1.06113493443, 0.176666453481, -37.753326416
          8.3, -1.52026832104, 0.15849943459, -37.3007011414
        8.325, -1.93582379818, 0.140820726752, -36.5897521973
         8.35, -2.30960822105, 0.123537696898, -35.6460914612
        8.375, -2.64117097855, 0.105970486999, -34.4961509705
          8.4, -2.92897844315, 0.0887260586023, -33.1675720215
        8.425, -3.17500948906, 0.0719157084823, -31.6883544922
         8.45, -3.38064312935, 0.055539354682, -30.0859642029
        8.475, -3.5474653244, 0.0395895764232, -28.3868350983
          8.5, -3.67648530006, 0.0241335276514, -26.6161022186
        8.525, -3.76819872856, 0.00902318861336, -24.7977542877
         8.55, -3.82180452347, -0.00601243088022, -22.9545536041
        8.575,  -3.837246418, -0.0200021993369, -21.1082382202
          8.6, -3.81902551651, -0.0327174030244, -19.2790775299
        8.625, -3.77013444901, -0.0443262793124, -17.4852294922
         8.65, -3.69343662262, -0.0548111721873, -15.7429161072
        8.675, -3.59202504158, -0.064089410007, -14.0663833618
          8.7, -3.46929693222, -0.0721202269197, -12.4678039551
        8.725, -3.32872748375, -0.0789001360536, -10.9572067261
         8.75, -3.17371344566, -0.0844623818994, -9.54246711731
        8.775, -3.00743842125, -0.0888616815209, -8.22935771942
          8.8, -2.83281493187, -0.0921645388007, -7.02165460587
        8.825, -2.65246081352, -0.0944414064288, -5.92127752304
         8.85, -2.46871066093, -0.0957630425692, -4.92847013474
        8.875, -2.28353333473, -0.0962132886052, -4.04199028015
          8.9, -2.09846258163, -0.0958599820733, -3.25901603699
        8.925, -1.91307997704, -0.094839207828, -2.57498955727
         8.95, -1.72664964199, -0.0929532796144, -1.98326051235
        8.975, -1.53950250149, -0.0899135246873, -1.47546219826
            9, -1.35484242439, -0.0857277438045, -1.04350268841
        9.025, -1.17697691917, -0.080694027245, -0.680958628654
         9.05, -1.00979232788, -0.0752428025007, -0.383448451757
        9.075, -0.855769336224, -0.069787658751, -0.14814992249
          9.1, -0.715667486191, -0.0646211653948, 0.0271181669086
        9.125, -0.588780879974, -0.0598708987236, 0.144840657711
         9.15, -0.473562419415, -0.0555128343403, 0.208459883928
        9.175, -0.368336766958, -0.0514246933162, 0.222587674856
          9.2, -0.271867126226, -0.0474568009377, 0.192793101072
        9.225, -0.183621183038, -0.0434934385121, 0.125123158097
         9.25, -0.103704549372, -0.0394877232611, 0.0255672652274
        9.275, -0.032576430589, -0.0354665964842, -0.10036431998
          9.3, 0.0292937643826, -0.0315080992877, -0.247845441103
        9.325, 0.0816990509629, -0.0277082715183, -0.412724465132
         9.35, 0.124838002026, -0.0241507068276, -0.591371536255
        9.375, 0.159307390451, -0.020886939019, -0.78047734499
          9.4, 0.185981586576, -0.0179304927588, -0.976881742477
        9.425, 0.205838650465, -0.0152627993375, -1.17747998238
         9.45, 0.219795122743, -0.0128462538123, -1.37921822071
        9.475, 0.228594973683, -0.0106389438733, -1.57915723324
          9.5, 0.232770994306, -0.0086064292118, -1.77456748486
        9.525, 0.232672631741, -0.00672830129042, -1.96301364899
         9.55, 0.228542417288, -0.00500042922795, -2.14240217209
        9.575, 0.220621943474, -0.00343466876075, -2.31098651886
          9.6, 0.209259688854, -0.00205344590358, -2.46734285355
        9.625, 0.194964289665, -0.000875572615769, -2.61033725739
         9.65, 0.178362503648, 9.69811953837e-05, -2.7390999794
        9.675, 0.160098314285, 0.00087964424165, -2.8530087471
          9.7, 0.140757516026, 0.00149411335588, -2.95169043541
        9.725, 0.12084376812, 0.00196129991673, -3.03501915932
         9.75, 0.100781142712, 0.00230268319137, -3.10308623314
        9.775, 0.0809126347303, 0.00253556156531, -3.15618085861
          9.8, 0.0615103244781, 0.00267417100258, -3.19476366043
        9.825, 0.0427928343415, 0.00273060146719, -3.21943855286
         9.85, 0.024939764291, 0.00271467794664, -3.23092842102
        9.875, 0.00809935200959, 0.00263541098684, -3.23004841805
          9.9, -0.00761991227046, 0.00250037084334, -3.21770524979
        9.925, -0.0221331343055, 0.00231357291341, -3.19489407539
         9.95, -0.0353542231023, 0.00208123750053, -3.16265821457
        9.975, -0.0471894070506, 0.00181116932072, -3.12205529213
           10, -0.0575493723154, 0.00151396566071, -3.07413196564
       10.025, -0.0663632750511, 0.0012018737616, -3.01991128922
        10.05, -0.0735871121287, 0.000887193193194, -2.96038937569
       10.075, -0.0792122557759, 0.000581288826652, -2.89654064178
         10.1, -0.0832683816552, 0.000292836804874, -2.82932972908
       10.125, -0.0858332067728, 2.70282580459e-05, -2.75972676277
        10.15, -0.0870097503066, -0.000216422864469, -2.6887114048
       10.175, -0.0869026705623, -0.000439782626927, -2.61725139618
         10.2, -0.0856074765325, -0.000644783838652, -2.54626607895
       10.225, -0.0832116752863, -0.000831476238091, -2.47659564018
        10.25, -0.079800106585, -0.000997405732051, -2.40898013115
       10.275, -0.0754615888, -0.00113961880561, -2.34404850006
         10.3, -0.0702930018306, -0.0012551083928, -2.28231787682
       10.325, -0.0644211024046, -0.0013389128726, -2.22420120239
        10.35, -0.0580054037273, -0.00139162363485, -2.17004513741
       10.375, -0.0512148067355, -0.00141630682629, -2.12013864517
         10.4, -0.0442036576569, -0.0014171883231, -2.07470870018
       10.425, -0.0370996370912, -0.00139788654633, -2.0339152813
        10.45, -0.0299995895475, -0.00136083678808, -1.99784779549
       10.475, -0.022971842438, -0.00130686326884, -1.96652495861
         10.5, -0.0160609148443, -0.00123629136942, -1.93990170956
       10.525, -0.00930435582995, -0.00114780908916, -1.91787695885
        10.55, -0.00274899136275, -0.00104076240677, -1.90031814575
       10.575, 0.00354590010829, -0.000919056765269, -1.88709402084
         10.6, 0.00952732376754, -0.000787604716606, -1.87807059288
       10.625, 0.0151565372944, -0.00065105810063, -1.87310063839
        10.65, 0.020408436656, -0.000512919796165, -1.87201154232
       10.675, 0.025269318372, -0.000374678929802, -1.87459468842
         10.7, 0.0297332368791, -0.000237201151322, -1.8806027174
       10.725, 0.0337851904333, -0.000100616220152, -1.88974761963
        10.75, 0.0373920165002, 3.65243649867e-05, -1.90170419216
       10.775, 0.0405016615987, 0.000173873922904, -1.91613459587
         10.8, 0.0430570207536, 0.00030665131635, -1.93271744251
       10.825, 0.0450243987143, 0.000430375512224, -1.95114278793
        10.85, 0.0464010834694, 0.000541547837202, -1.97110450268
       10.875, 0.0472153685987, 0.000639072211925, -1.99229180813
         10.9, 0.0475192368031, 0.00072414171882, -2.01438832283
       10.925, 0.0473756380379, 0.000799150497187, -2.03707647324
        10.95, 0.0468468666077, 0.000867113529239, -2.0600464344
       10.975, 0.0459794066846, 0.000930957263336, -2.08301377296
           11, 0.0448025912046, 0.000989467022009, -2.10574769974
       11.025, 0.043345078826, 0.00103924993891, -2.12807607651
        11.05, 0.0416458696127, 0.00107770913746, -2.14986681938
       11.075, 0.0397512763739, 0.00110349396709, -2.17101192474
         11.1, 0.0377099215984, 0.00111699162517, -2.19141244888
       11.125, 0.0355651974678, 0.00111987662967, -2.21096920967
        11.15, 0.0333490520716, 0.00111441453919, -2.2295794487
       11.175, 0.0310746338218, 0.00110318127554, -2.24713921547
         11.2, 0.0287356339395, 0.00108742213342, -2.26355743408
       11.225, 0.0263165924698, 0.00106482894626, -2.27877378464
        11.25, 0.0238157194108, 0.00103372975718, -2.29275012016
       11.275, 0.0212472435087, 0.000993451569229, -2.3054587841
         11.3, 0.018641738221, 0.000944877159782, -2.31687498093
       11.325, 0.016039442271, 0.000890150142368, -2.32697463036
        11.35, 0.0134830046445, 0.000832162448205, -2.33573555946
       11.375, 0.0110106570646, 0.000773864914663, -2.34314441681
         11.4, 0.00864852312952, 0.000717729388271, -2.34920358658
       11.425, 0.00640869885683, 0.000664374616463, -2.35394692421
        11.45, 0.00429936964065, 0.000611324852798, -2.35744953156
       11.475, 0.0023355728481, 0.000556625775062, -2.35981440544
         11.5, 0.000533612153959, 0.000499550602399, -2.36115264893
       11.525, -0.0010901815258, 0.000440873613115, -2.36157250404
        11.55, -0.00252405018546, 0.000382208498195, -2.36117267609
       11.575, -0.00376399536617, 0.000325386470649, -2.36003994942
         11.6, -0.00481865508482, 0.000271548313322, -2.35825109482
       11.625, -0.00571183487773, 0.000221885129577, -2.35587501526
        11.65, -0.00647266162559, 0.000174736051122, -2.35298752785
       11.675, -0.00712407007813, 0.000129031672259, -2.3496658802
         11.7, -0.00768182845786, 8.3907681983e-05, -2.34598255157
       11.725, -0.00815191306174, 3.99709606427e-05, -2.34199786186
        11.75, -0.00853512063622, -1.94446488422e-06, -2.33776187897
       11.775, -0.00882849097252, -4.05564205721e-05, -2.33331418037
         11.8, -0.00902894791216, -7.46283549233e-05, -2.32868790627
       11.825, -0.00913514848799, -0.00010320655565, -2.32391500473
        11.85, -0.00914914533496, -0.00012568794773, -2.31903123856
       11.875, -0.00907524954528, -0.000143334880704, -2.31408619881
         11.9, -0.00891696289182, -0.000157294343808, -2.30914354324
       11.925, -0.00867692474276, -0.000168846498127, -2.30427312851
        11.95, -0.00835641473532, -0.000178641086677, -2.29954266548
       11.975, -0.00795773696154, -0.000186865276191, -2.2950117588
           12, -0.0074859499, -0.000193359592231, -2.29072761536
